date,A,B,C,D
2010-01-01,-1.390297265204961,0.2597529297442412,0.3720929310249245,-0.22913041619569635
2010-01-02,-1.3118252582758378,0.11628359872155626,-0.1671632252967596,-1.7411488474415022
2010-01-03,-0.6653771142744557,-1.3326871095248456,-1.5353874742281257,0.46495245789566503
2010-01-04,-1.2858872222376772,1.3877816882549225,-0.40142801644426057,0.48083494606443905
2010-01-05,-1.3169814094839347,-0.13074915658349534,0.2915358699098188,-0.45680628861867334
2010-01-06,0.7874657876390119,1.1015424837757604,-0.8652528455014259,0.5352612853143504
2010-01-07,-0.5619704527389286,0.16073064384748134,0.26588450568375466,-0.7753512421704332
2010-01-08,-0.7353187098942248,0.932677338607288,0.3322649593221885,-0.012921668898251798
2010-01-09,-0.11188402101272751,-0.33520376875503044,0.49137413638935806,-0.06490188012070908
2010-01-10,-2.326816863835024,-0.2882790680360287,-0.6533237645573863,0.5000143439871958
2010-01-11,0.6054841642426576,0.2495957759838089,-1.2099037644248083,2.1763797830969156
2010-01-12,-0.5269152256497507,0.7012167928944841,0.37981791225772255,-0.9456770529182787
2010-01-13,0.03291093253730913,-1.5377282363688727,-0.3017776271781625,1.6710499085677026
2010-01-14,1.1321169909380462,0.4540096227557549,-0.9261119769310991,1.7153512908165895
2010-01-15,-0.43612991455720573,-2.2861558855053676,-0.9843541387655838,-0.2893075966003495
2010-01-16,0.22580583660773548,-0.5193287387724881,-0.607751130034328,0.028856612048275092
2010-01-17,1.1387624316431446,-2.2119451249916176,-0.20274269145056653,-0.7317380285959519
2010-01-18,0.6148803413239887,1.5416256970551565,-1.3717955021379373,1.1467545292081625
2010-01-19,-0.6754484236226698,-0.3009858197687398,-0.19507779496563457,-1.0828390785252864
2010-01-20,-1.0335483680680086,-1.291087582498646,1.075485212486388,0.005850195516967817
2010-01-21,0.27016529233413294,1.5981755602947076,0.329537032521291,1.1994257026910853
2010-01-22,0.7234143607596061,-0.33124294567230594,-1.4444315483878243,1.2324031023065003
2010-01-23,-2.1298681980237477,0.9593245561512688,-0.3001370335903932,0.44632177841339515
2010-01-24,0.431111402494491,-1.793758824121547,-0.7640888979519519,-1.873287895422779
2010-01-25,-1.1736133943130982,1.6628483341481324,0.9921161524233061,-0.5559391330058714
2010-01-26,1.6699501512422146,-0.5370497881091074,-1.2695834698721664,-0.46610020374442906
2010-01-27,0.4805030998005547,-0.5543493388069632,-0.5759784193954084,-1.2020882679008775
2010-01-28,0.1364710333613523,-0.031763268816029706,0.18528170603258842,-1.1216224917565767
2010-01-29,-0.7873587702304168,0.5893614375899148,-1.1942756691685759,-0.06199162951119544
2010-01-30,-0.10359558743057115,-1.2697896750604056,-0.2633961856762026,-0.2275653014839653
2010-01-31,0.954811873157911,0.018399981267499387,0.7942397299948033,-0.2603637779887459
2010-02-01,-0.5084405065970309,0.23936483492683444,0.23228170125692527,0.33437917655636085
2010-02-02,-0.39487023536494376,1.8682116461684037,-1.7685533710143628,0.5983390031606484
2010-02-03,0.49187149411334863,-0.6957597550600284,0.18334759756871385,0.7425216329781796
2010-02-04,-0.45608794420419685,-0.34747305286846214,-0.46169092340085033,-1.0373272325449419
2010-02-05,0.5429478275146571,-0.6604271516610225,-2.0733970692540376,-0.03655917133157048
2010-02-06,-0.49871437611259983,-0.417689012024776,1.5611992210255343,-0.5273711832290767
2010-02-07,-1.303157397352055,1.7196943066590225,1.1304536310094035,1.3425923429631303
2010-02-08,-2.8721223922668786,1.5284183006144583,0.7766708792266609,-0.5493701648693009
2010-02-09,-0.4603157552142522,1.7392268994296212,-0.5627020664108763,-0.10870880364420428
2010-02-10,0.04499307976392806,1.592787056525266,-0.5934564046490522,-1.8476063687669433
2010-02-11,-0.3864058444507789,-0.2870535380896305,1.521023675484501,-0.654295043663861
2010-02-12,-0.2085291953713906,-1.3027869038424051,-0.6340486617759722,-1.2306500842804087
2010-02-13,1.093537342958303,1.2633576501021777,-0.5341631807366605,-0.27003548934185084
2010-02-14,-1.3164445463990848,0.4647519126978156,-0.21019473660411891,0.6274621589723801
2010-02-15,-0.03224912020101484,-0.9330180111141745,2.605781847979262,-0.6854424353177415
2010-02-16,1.6012399307684975,-0.18698923908439358,0.21779446238810135,-1.6256164091379635
2010-02-17,-0.12664547184330158,-0.18114548212126713,0.941786235463559,0.5076109212650096
2010-02-18,0.05573151229760752,0.8521209963887493,1.4152048930830734,1.1466914081644661
2010-02-19,-0.16630792992065108,-1.5457325134971858,-1.4396493805337407,-1.035170410187067
2010-02-20,-0.6042160594700434,1.3929233069183544,-0.35613129128743376,-1.7550385855158777
2010-02-21,-0.6431289537020447,-0.09711661686789973,1.6559498621596531,0.21041886915328106
2010-02-22,-1.0767734840072625,-0.7000851457956777,-1.3796163257277134,0.8551341639750587
2010-02-23,-2.069319833223062,-0.42193389949645077,1.98136085130804,1.0889634883868764
2010-02-24,-1.0874864579919261,-0.769772518976658,-1.9036544763139556,-0.44916902061911546
2010-02-25,-0.6883918299205618,-0.20698987560060297,0.8456802001325564,-2.393741825072402
2010-02-26,0.018793163968511807,-0.6486898014390512,-2.339705880884712,-1.0020647407520125
2010-02-27,-0.7905579434793154,0.8622571701764165,0.27804496879939183,0.7052016597242046
2010-02-28,1.137141121997515,-0.4455443302842362,0.6372706658052923,0.6070349570241291
2010-03-01,-0.04019288735819923,0.7586854769055238,0.5976587202078506,-0.08463247505243988
2010-03-02,-0.6737027090845289,-0.9489365815606174,-0.8812295802919211,0.7199989940775305
2010-03-03,-0.5011599249394819,0.6107816926841546,1.7657699568369438,0.6376464939455109
2010-03-04,-0.5922549156497704,1.721356771663383,0.4019260754941297,-0.5797739409630374
2010-03-05,-1.6873765197876625,-0.7882807121369578,0.7097426387174478,0.7600595314829887
2010-03-06,1.2766287962693532,1.5802456731058723,0.0393668410982101,-0.0075352097323989455
2010-03-07,0.6629995349768343,1.643018707411104,0.7889924140353046,-1.687875137629477
2010-03-08,-0.9649998711547709,-0.014831856276025308,0.8214619017229042,-2.1870356601652254
2010-03-09,0.47994812319611596,0.9365744384507788,0.9837164012879576,0.40827064482143055
2010-03-10,-0.632208655689781,1.2979887732929787,0.3011711232701043,-0.687372481452851
2010-03-11,-0.18374366412601706,-1.4912438125542014,-1.5002986653949648,1.092722380893807
2010-03-12,-1.5735930321166793,0.33384472284224337,0.5193242143147169,0.15374439541349916
2010-03-13,0.2772415809859785,0.8472387608605062,-1.7079444882835575,0.07922326239806256
2010-03-14,0.34966518001492763,0.689769613121085,2.81154000576524,-0.398897191999018
2010-03-15,-0.22897133736983413,-0.8428902429181535,-2.2714613623207254,0.07359923872213735
2010-03-16,-0.8610756946811732,-0.2863191457835495,-1.9206267661166494,1.8273072609427927
2010-03-17,0.17012622946969108,0.861568077207482,0.8407755119784814,0.43265774389548317
2010-03-18,-0.9777273745667981,-0.3488894232322948,0.4428053221781783,-1.2677684952176829
2010-03-19,-0.1711104276458119,-0.8084740679806717,0.15462631784684647,-0.07135720455906833
2010-03-20,0.01740005553856879,0.8559276325150357,0.6956384036832965,1.323994741533701
2010-03-21,1.7894779944114623,-0.9171684267986561,-0.6199813105385394,0.40728110988907645
2010-03-22,1.643242142400319,0.35734862202684264,1.586522295044575,-1.3398456554629605
2010-03-23,-2.03750053633898,-1.4521099711307597,0.5503276805088805,0.3876267923665693
2010-03-24,0.48640220391459127,0.7665610223996284,0.7441174529304632,0.5773512858604065
2010-03-25,-0.024343122898623823,-0.5204706810363153,0.7796293409285178,-0.6047713239726222
2010-03-26,-1.0106714276322137,0.06981478507568567,1.4513890916053234,0.6545686763789171
2010-03-27,0.7628943004251123,-0.9725708113863293,1.6334615257544154,1.299209159930952
2010-03-28,-0.8247824496942912,-1.3988856609034315,0.15465550610112722,-1.2252157929896013
2010-03-29,-0.05606499034954557,-0.9423908974622472,-0.9395279059691746,0.5391694002842713
2010-03-30,-1.4730663278578877,0.38126876138961346,0.6728438315736293,1.2162664924152908
2010-03-31,-0.06336895176147014,0.20637456962199044,-0.010248284334223255,-0.4494595657659165
2010-04-01,1.1797917961235982,0.2332500686267603,0.08772717147605613,0.09879317073337017
2010-04-02,0.8963593871705429,-0.9625651666848608,0.08753060591555682,0.42858086859051425
2010-04-03,0.8284424532556168,-2.3321080911217806,-0.3258134303400738,-0.2289577930474206
2010-04-04,0.27928652233111295,2.0609567174931107,1.0215046268153585,-0.018509850296291434
2010-04-05,0.6762417102195895,-2.600661049070052,-2.526523173304667,-0.7188659280567655
2010-04-06,1.1765211932926198,0.47339803951364423,1.1347534235595496,-0.971198357883825
2010-04-07,0.6299679491792801,-0.28284795900092874,-2.5262501698527493,-0.03108104786212899
2010-04-08,-1.1693914676177906,-0.7806437979842042,0.10312151365877843,-0.630327911128666
2010-04-09,0.38658976455661825,-0.1318670987617706,0.3149086817134821,0.7469471056499228
2010-04-10,-0.28239608511901715,-2.0765704298743546,-1.3950896572291749,0.18358673881296722
2010-04-11,0.6980500206219016,0.775134243418233,0.21003474261929816,0.5539788519313545
2010-04-12,1.175947624856354,-0.27941891394393764,0.8739775487950656,-0.38114976134244843
2010-04-13,1.4844559727916644,0.7115654867585549,-0.5142179374048156,-0.39481155079298097
2010-04-14,-0.21595161407549432,-0.6267557831235803,-0.2708434535662542,0.4924475012159559
2010-04-15,1.7167350451400758,0.7762898720180976,0.2913177067354408,-0.11638288381634744
2010-04-16,-2.0106624267434556,0.9453187869475579,0.4734123154112782,-0.3105034853487381
2010-04-17,0.6338297752587807,-1.5522555065080386,1.8307254387693819,-0.2094647752364675
2010-04-18,-0.6807256115233042,0.9576322345442896,-0.20954665833274647,-0.048096153732440174
2010-04-19,2.308516759157656,0.6757696502272946,-1.11797222039425,-0.7291830783898638
2010-04-20,0.11035625023232588,-0.5857193742893317,-1.1250436210153587,0.8313192062398377
2010-04-21,-1.7705229452421667,-0.5354457164232354,0.9377747836566035,0.7630986356262287
2010-04-22,-0.7282113552397861,2.582263625087377,1.6690076229014443,-0.879563880588759
2010-04-23,-0.47894913563955144,0.5399795926681311,-0.2779189793457233,0.8725690391213997
2010-04-24,0.529536396844399,-0.2200396599021799,0.41480642745429946,0.782074694303503
2010-04-25,0.9598358590891624,0.687818242132976,0.10011002721392609,-0.3295091523931686
2010-04-26,-0.5556964275551627,0.7639477529889096,0.15021856942805495,0.38710812095297953
2010-04-27,0.6092331667915785,0.9926278314921033,-0.9737868993411459,-0.6857966757408999
2010-04-28,-0.6379742017534843,1.0094464902482976,0.831019601838591,0.3860322504873839
2010-04-29,-1.5559791654669721,0.9360692023384289,-0.12535651687137878,1.2280733984970125
2010-04-30,-1.024834255729873,-0.5499881603606638,0.4199708994807091,0.12360560513678058
2010-05-01,1.5330165263399576,0.6959223742395924,0.2556223000756483,-1.027421599859128
2010-05-02,-0.15557790563707694,-1.1402629826818427,-0.12590370122094655,1.155780647497336
2010-05-03,0.880194969180146,0.9052553278143004,-0.8852604411680496,0.6285262589279587
2010-05-04,0.9120320028679804,0.6350064523590928,-0.05362406788443924,1.9283746559280321
2010-05-05,0.4679026057438754,-1.005045785297632,-1.2522314775289138,0.10600624118389493
2010-05-06,0.29884116064081656,1.1603980744864084,1.425843369237446,-0.5517655876288827
2010-05-07,-0.4730076781659804,-2.4799195450880704,-0.461265786775788,0.5181101598039418
2010-05-08,0.22666884101687398,-1.7088326764332453,-0.991677281675183,-0.6346176467792081
2010-05-09,0.48929340971263274,-0.7948844112281669,-0.8420719162056628,-0.2976943207663576
2010-05-10,0.3225267515252332,0.6915767822518565,1.2058777681740156,-0.7442306200229439
2010-05-11,-0.6406528457775279,-1.6319158976402057,-0.8975575152188098,-0.898649448701166
2010-05-12,0.8562366221399064,-0.7389520900206578,1.1467893509248503,-0.23562472164635873
2010-05-13,0.6515880658754436,1.3211187538151064,0.5774310701356585,-0.07709854939109166
2010-05-14,-0.4672082193110524,-0.7207442585641146,0.4750521216292897,-1.4587173888234843
2010-05-15,-1.1155329767629134,-0.1568997226298593,-1.512224210962241,0.8949601609590723
2010-05-16,0.8868213237153105,-2.385112682091443,-0.08386364570395584,1.050494997451999
2010-05-17,0.7465813394910675,-0.4353712272091733,0.21086888141114327,0.4365186402551303
2010-05-18,0.4827036632136848,-0.9021716411356357,2.2463811279548382,0.39289503867017844
2010-05-19,-0.504348905553444,0.7321730718487367,-1.8570764914969877,0.24768214562968432
2010-05-20,0.19561114906241317,0.6816185213102681,1.4291738260517841,-0.05267159293941007
2010-05-21,-0.807288891569372,0.8120882112045424,-1.8351484684514412,3.0952862652545696
2010-05-22,0.6539931144166464,-0.4596855061185601,0.9743765957003019,0.17089293861626714
2010-05-23,0.4601993364225785,0.14090750798431492,1.437749538428495,0.9275343214223902
2010-05-24,2.8460772418510887,1.266300375325354,-0.8087989190327233,0.010951689131204794
2010-05-25,-0.4907235153500629,-0.7572380240088696,-0.9151022406485723,-0.0231046275045041
2010-05-26,-1.609314656116149,-0.1960762938219923,0.6666582414778254,-1.58410715629172
2010-05-27,-2.0228079080064836,1.3932768316128494,0.5614129150929025,1.482562507310319
2010-05-28,-0.8554782645451477,0.11948298448975661,-0.48690005290623284,-1.4993007788149355
2010-05-29,0.2835114742797552,0.725727417275544,1.227203360666051,0.3143048571295113
2010-05-30,0.3461539027531889,0.06495066717045526,-0.6118774369313367,0.9566124569319396
2010-05-31,0.7681845975492149,-0.7641822301009326,0.1153425604059031,-0.574011060988494
2010-06-01,0.604968351904987,-2.023459445297986,0.06976724296464973,-1.7699360791441494
2010-06-02,0.7936673287576514,-0.4143718154139135,-0.05751603273389894,-0.6802119991087062
2010-06-03,0.7318588866660827,-0.5572601011222562,0.48510993500855515,-0.3818344128641919
2010-06-04,-1.1443641770829258,-0.6721606035221913,0.2043138658396922,0.5940213993278903
2010-06-05,-0.15899464418306802,-0.2885643844501527,1.4748987316113393,1.041615137632338
2010-06-06,-0.2564657822660321,0.2088568763911943,1.0462099936734728,1.339550767878218
2010-06-07,0.7927653325459992,1.9472554238558717,-1.0287311061931437,0.32042503580588844
2010-06-08,-0.10948452138939437,0.5155197294404614,-0.601819476779685,1.1719411403519981
2010-06-09,-0.4233796393235482,0.10743432899747203,1.5656357446139915,1.349042685486788
2010-06-10,0.3893439311087389,0.3888849046388605,-1.1326676448142752,1.8747019720751896
2010-06-11,-1.153975167917614,0.1262460561757194,0.09460125561699967,0.7289062897863888
2010-06-12,0.8491250628465066,1.984893427841503,0.21429991167946066,-0.14408975468927873
2010-06-13,1.3434326656654285,-1.0271513887104473,-0.4992628631655846,0.43841642054863506
2010-06-14,0.6249975620595065,2.717265464635521,-1.151121990896965,-0.7850386445051666
2010-06-15,-0.5300084645915007,-1.2578705264347951,0.09728806324347793,-0.9977921155813734
2010-06-16,1.0872239734622449,0.22966731974339322,-1.55208320239628,-0.7774827225053791
2010-06-17,0.8982987108948753,-0.80738644762579,1.7787391491772393,-0.4349786988903352
2010-06-18,-1.1333498889644338,-1.7129911545668681,-0.28215350246668436,-0.3661545813131911
2010-06-19,-0.16520662522876728,-0.7007788070435798,-0.42251187447180416,0.49525219524513747
2010-06-20,-0.48720361339879875,0.5853933299063269,-0.8857589311419772,0.9955407011009332
2010-06-21,0.4709779422423265,1.6644975477454451,-0.4299736432385292,0.10836134731300871
2010-06-22,-0.816177780046259,0.6014611642219757,-0.05385704173804626,0.8510771463783546
2010-06-23,0.3228378180197507,-0.9985847507984753,-2.4565679408909555,-0.36445224926099024
2010-06-24,2.7152633166652103,1.5311795296706312,-1.9309667356214084,-0.019009133876467965
2010-06-25,-2.532986695060332,-2.5249452582792227,-0.042611375677743334,-1.2615008249283013
2010-06-26,0.2044471730410138,-1.0297417934469848,-0.5092123219254988,-0.027191023245022122
2010-06-27,-0.4830554620066292,0.024804934640216145,-0.2362379880583169,2.6127636741253237
2010-06-28,-1.519049914947452,0.5094539970630467,-0.469786208518516,-1.1455377797976944
2010-06-29,0.18193247248520086,-0.007931363001923254,-0.2638853885631577,0.8967728452989511
2010-06-30,0.23340670332717176,-0.7876962878944657,-1.612625441265103,-0.38903790046248904
2010-07-01,-0.7201609735972397,0.9070426034458342,-1.6449188175762168,-1.2080465241978122
2010-07-02,1.050208797815795,1.4368322060559724,-0.5056355705109857,1.0842297179964266
2010-07-03,-2.2410757563454937,-0.23135407523234883,0.7303902639603457,-1.2962485223036155
2010-07-04,-0.9317297288049636,0.25078616078576493,0.7285801041404665,-0.7147841234197032
2010-07-05,-1.2778350422282263,-0.10929220950823136,1.918917932827632,-1.086513562571284
2010-07-06,0.7265119234473844,-0.1355373207667968,1.2897714608677804,-0.8221719293089855
2010-07-07,-0.6887309847970745,0.07945251982131611,-0.37400581198445904,-0.29162498301977846
2010-07-08,0.46914994433369356,-0.7343393704616844,-0.48804447715576643,-1.92981793185244
2010-07-09,-1.0215675831696276,-0.8786716280793594,0.6421045665238828,-0.5439591623383264
2010-07-10,2.789926324059008,-0.733716711540973,1.6880218104442206,0.3913407169094464
2010-07-11,0.16024476497706197,0.9225038281446514,-0.3744113197024566,-1.5903282090889197
2010-07-12,-1.1759984779761656,0.7112886700189962,-0.567609651740817,-0.776070719542038
2010-07-13,-0.017324218831387336,1.5327715884435995,-0.1437485416847446,-0.24210061106161498
2010-07-14,0.8356482368158521,0.23658200078017627,1.444617339073791,-0.4085224293552882
2010-07-15,1.3129368386996694,-0.46865064120602645,-1.9634011131819755,2.0926695855549213
2010-07-16,-0.8654612062111307,0.441741857256298,1.7236875722523022,1.0482432519356442
2010-07-17,0.21941424506369625,1.373538816318651,-0.11656379909754724,0.41095897651655355
2010-07-18,-0.40505925525136893,-1.139324193880201,0.13214568716753905,0.4070505510535842
2010-07-19,0.15609540162998964,0.6826493472822546,-1.1211634454303643,1.9905463076413286
2010-07-20,-0.5709382235439853,0.003796140495220134,-0.9583255965244789,2.2386089318790563
2010-07-21,-1.0170351690962962,0.13308190306098971,-0.34136483087394603,0.512220189433076
2010-07-22,-1.92851931349132,-1.4936641174621246,-0.10080668538419403,0.05524577506345853
2010-07-23,-1.0264507280865123,0.45103499673882985,-0.4626170038004909,-1.098037457088454
2010-07-24,-0.8431134969505175,0.2121903605069019,-0.6612445234553251,-2.011803032405177
2010-07-25,0.38973728665449076,-0.9081921829486906,0.44812396071234145,0.7556586858430496
2010-07-26,-2.542047129655982,0.5180423830663525,0.4525877227657003,-0.7286960568107724
2010-07-27,-1.1600742881367436,0.16925810272499292,1.2160563919700542,-0.2459255653080883
2010-07-28,0.7969121764211975,-0.8564592442012806,-0.3752081791956506,-1.4313186171082588
2010-07-29,1.678252561450769,-0.49471874047539893,-1.4974625543462403,2.1532221367477393
2010-07-30,-0.3782148465995228,-0.7313236872057076,1.1742016584028607,-0.5895043665857345
2010-07-31,-0.13503630200624142,-0.044326301470851925,0.8699325364960986,-0.15392917840909787
2010-08-01,0.9757058881852546,-0.3803868950694408,0.3530029431186614,-0.4771953971271853
2010-08-02,-0.2968058644213291,-0.011593722325449442,0.28428962199369806,0.10573540074527629
2010-08-03,-1.3125476066311208,2.022279020402942,-3.901576291010324,0.0078054804996683935
2010-08-04,1.7257111982060747,-0.7545078035012063,1.1023529202658575,0.348430916220032
2010-08-05,-0.2514763749602968,-0.16461498811176808,-0.25296496471777424,0.17382936329846496
2010-08-06,-0.9502144057440864,1.6176815749039002,0.13419472784860748,-0.6998438243203381
2010-08-07,-1.141444593795213,0.4120221046621833,-0.9291227321535712,-1.3354867224934366
2010-08-08,1.1893369038157515,0.5655632690796871,0.15302618399681678,-0.9957209391341596
2010-08-09,0.7593359597674848,0.39641664514754504,-1.5135586585285985,0.38213876336182995
2010-08-10,-0.18002534680565666,0.22325885789310376,0.8041298317641635,-0.36199791962835304
2010-08-11,1.9543823721884444,1.5117131985203072,-1.662279570115964,-1.2858995464611296
2010-08-12,0.6911168817852236,-1.0816969484245078,-1.2674600080286256,-0.028937389703632153
2010-08-13,-0.24733161111096694,0.8075294806344993,-0.8648464152267858,0.330024721461607
2010-08-14,-1.0330235045307103,0.9379167004328969,-1.3568636169526902,0.20931184509238016
2010-08-15,-0.6028390282126548,1.8089735809586298,-2.0989297986753077,0.04261591025083677
2010-08-16,-1.0085885421071594,1.3915075391956364,-0.008134627238385475,0.06345713421779593
2010-08-17,0.14253363630710894,0.9908599254765079,-0.17362438783746081,-1.2325062162897398
2010-08-18,-2.2418598587565417,-0.08142651651755259,-0.28060383377681025,0.9825901459765907
2010-08-19,-2.179242325831956,-2.876665570196301,0.4780955330998993,0.5239358227815055
2010-08-20,0.504887642928271,-1.3151615468086646,0.011884597259959108,0.261340235266151
2010-08-21,0.8955904514568277,-1.9919447332921922,-0.2138568163646534,-1.466239405874964
2010-08-22,0.16977808019731758,0.8315268227575192,-0.6120999299609097,1.1376608061487186
2010-08-23,0.7837419172303361,1.1476427556047266,0.1641012669937838,-0.2905000909164807
2010-08-24,-0.16322376439694092,0.8075738142495245,-0.023971071202038074,0.5356563540745097
2010-08-25,0.2991218750698685,-1.2444959453876152,1.3379279238364137,0.9009055526130741
2010-08-26,-1.6645074731978364,-1.5057987766548393,0.06627388134701044,-0.5478490297739362
2010-08-27,1.7224524660792115,-0.7690201777405926,-0.1113736685956608,0.5691850008122401
2010-08-28,1.2593239019398572,-0.0965953414847311,-1.194225402248726,-1.2216456583467687
2010-08-29,2.489857996535266,-0.8068336332114682,1.1258855481993724,0.3386402750085635
2010-08-30,-1.6158383542699915,0.09716054093875727,-0.6775715822703784,-1.6853254567699636
2010-08-31,-1.3476718534756922,-1.4818896205771543,-2.073040494953022,-1.8474930710414248
2010-09-01,-1.121051669780277,1.0967996567874165,1.670249153027758,0.6586225627484594
2010-09-02,-0.06081599156963952,1.0082459810118258,-1.1006986408072752,-0.4301685255361469
2010-09-03,-0.5939520869741621,-0.042509968780754644,-0.43505808094336645,-0.12599587545314936
2010-09-04,-1.187275864177475,0.35878380064392734,-0.5810748755711819,-1.855812446666849
2010-09-05,-0.7634156108049939,0.7700148869163159,-0.8714330127866341,-0.32662749052466655
2010-09-06,0.10998026584984509,-1.3963705823037014,0.9793776904230371,-0.9778254702506644
2010-09-07,-0.47547550562648955,-0.9314283278161568,1.1895627375511124,0.8676850642968787
2010-09-08,-0.7650269727768589,1.1305294426777945,-1.9115776939092464,-0.1786801278363707
2010-09-09,1.166456072493354,0.18925862181515835,-0.7784575814159439,-1.0179736536589687
2010-09-10,1.1638317450391331,0.5396081245517254,-0.8170934931992303,-1.3654645690282403
2010-09-11,0.1467254840973667,-0.20285288354423844,-0.07333895003597608,-0.3818628573607653
2010-09-12,-1.068579664651849,0.5609178902554327,-0.6409424364331116,2.115573498853679
2010-09-13,1.2379064231510937,-0.8925181158067058,0.9386922960142506,0.5596073220935509
2010-09-14,0.25927407110169337,-0.7966626355478336,0.11459919040002609,-0.6334371077517702
2010-09-15,0.2792000945513322,-0.045691171371894615,0.7359450273607766,1.5375604955848077
2010-09-16,-0.6335457675082492,1.7889966934329768,-1.4816581808727858,-0.28879507520405207
2010-09-17,-0.1420839422512154,-0.16844910290246745,1.1281115035189906,-2.0390874759598887
2010-09-18,0.0313952096435796,0.4132491929925414,0.9278093344514436,-0.14700356034851972
2010-09-19,-0.9597356566038655,0.4430910916022443,-0.8601809074505095,-0.3229215879945198
2010-09-20,-0.5813744835624738,-1.158390386769275,0.014056702362956842,1.7517921055493766
2010-09-21,0.9703833910364917,-0.07491799529264917,-0.7846261815768092,0.5452064276955912
2010-09-22,-0.6074374615098241,-0.914883181315336,0.21276894709521246,0.6722214282193104
2010-09-23,-0.3463994264855692,-0.7956895375186779,-0.39907697856917895,-0.1130354331330251
2010-09-24,-0.4851323718756817,-1.5938449878607424,0.376681744335142,-0.8947289520763883
2010-09-25,-1.3535221112669746,0.4626721428341037,0.2029370975159002,-0.977652182232922
2010-09-26,-0.48637483572923906,2.1511940452872857,2.234921180297406,0.014741733284496935
2010-09-27,1.510138333843279,1.3760664413495427,-1.7993270366301255,1.4414359719265548
2010-09-28,0.12719985970277464,-0.11317760099180851,0.5548337729585932,-0.23214937441329717
2010-09-29,0.7762710397845841,-0.24681913637102118,0.3219104194123997,-0.8838421944568723
2010-09-30,0.9687344226511597,0.8242182876832755,0.8991188214835462,-0.2751142788244503
2010-10-01,0.325375465431609,-1.4921177330771935,-0.8784700418323301,0.9336589129697026
2010-10-02,-1.487570213113196,-0.22462542847144282,-0.5124112862600326,-0.7625068382982384
2010-10-03,-0.9685202552264733,1.0019366697079504,-0.04687290815206778,-1.4947093301162808
2010-10-04,-1.2970558615690604,0.6370707229804118,-0.5840409854157366,0.7411367727799124
2010-10-05,-0.8758104908711224,-0.20021380314946874,0.051478458444562655,1.6710254664355209
2010-10-06,0.950842285020713,-1.4759799149709103,-0.6867014807680534,-0.1662671931429378
2010-10-07,2.5057632020251295,0.9448409819715344,-0.22359482992567803,1.9291577665472857
2010-10-08,0.8367934718838003,-1.209336914452481,0.8957559247509869,0.7682410248380301
2010-10-09,-0.5054789244577143,-1.6739112387497947,-1.8592710396859495,-1.192866517704449
2010-10-10,0.051279713487049926,-0.03720861754483601,0.25151501313237895,0.7984057564517878
2010-10-11,-0.6035832606744642,-1.0596946731556742,0.1928712885491265,-1.5420942027907036
2010-10-12,-0.37404332204927404,0.5432344703002693,1.6195406266454089,-0.9252371272300659
2010-10-13,0.06725565225506906,0.6443635391500007,0.7107901067698063,0.9180899461363771
2010-10-14,0.6084110506878644,0.32948478723137054,0.1225055135749939,1.7995727819158285
2010-10-15,-0.28958215805938803,-0.49263516139068314,-1.7864326479904462,-0.9634812931697105
2010-10-16,-1.258428638190185,-2.109432141816721,0.9173401674393716,-0.42649191009316184
2010-10-17,-0.4501214286700127,1.043789648723215,-1.666315168483407,1.2532978329455393
2010-10-18,-0.4471240955799686,-1.0033290067925131,0.5260725302688216,0.19089399679175412
2010-10-19,-0.4751163673062547,0.8370722053897104,-1.8391504521397957,1.5356928701210484
2010-10-20,-1.2429631716015117,0.6782962915695928,0.5823501379486975,1.0014893898325985
2010-10-21,0.04271640829759094,-0.02513045972521382,-1.4017978867755114,-0.13056182488941412
2010-10-22,0.7596588456291352,0.11908203950042322,-0.934474742622204,-1.75949390797566
2010-10-23,0.11423194284828815,0.37234228456981816,1.474082485328049,0.37134814612751893
2010-10-24,-0.7155274291413868,1.5687600655086564,0.5615733011344002,0.3651348213756099
2010-10-25,-0.5645732867076442,0.9709326927927837,0.11366758619353545,1.2212670413928868
2010-10-26,-0.17342043661160433,-0.09454078367103998,-0.10967502794031125,-0.6755509402623224
2010-10-27,-0.8583398889726352,-1.3794709235120248,0.5151563531640626,0.9036470967793173
2010-10-28,1.9607740792087123,-0.710112473482749,-0.014581277770352686,1.4677908356524045
2010-10-29,-0.24313587442643086,2.47338573608662,-0.9441638483074145,-0.4305678807976328
2010-10-30,-0.5490173845400602,-0.8808058025170741,-0.4288919116577212,1.5711381935049045
2010-10-31,-0.637269569940402,-0.5870948689520565,0.6301019249659071,0.5417397285836398
2010-11-01,-1.3184030215456357,-0.07491316071131342,0.021529999356518496,-0.9010181718855388
2010-11-02,0.5626247161583559,0.8214715864186514,2.198923997922082,-1.0985602553660083
2010-11-03,-1.1536038914023987,0.36410913328978367,0.5091384809914827,-0.9749782324621449
2010-11-04,1.4060468716009007,-1.5842699284694393,-0.48519704289431886,-0.9356668507591333
2010-11-05,0.19437121763829385,-1.267166574872914,-0.4370477668381801,-0.09660376944414724
2010-11-06,-1.1809194082732954,-1.919181457837391,-0.1820258420634932,1.6593929007473782
2010-11-07,1.0897750887151822,-0.18456319125571857,0.07301972462955393,-0.8159782404117961
2010-11-08,0.8864655857432813,-0.6605390485216682,-1.0856592371260478,-0.1255255283807534
2010-11-09,-2.089144262069912,-0.4749635381725121,-0.14727834187226033,-0.17464312631616621
2010-11-10,0.5929310668308873,-1.0646610819548459,-0.4103540853318283,0.10841285408170528
2010-11-11,1.1469204481326032,0.6379742689176875,0.8919830742090614,-1.0081997073296596
2010-11-12,-0.005627260291127194,-0.5358530904692488,0.4875903371461531,-1.3357199799473904
2010-11-13,0.7029071784117017,1.0011503171854679,-1.4883525378287752,2.1305584714693833
2010-11-14,-0.003729802268709679,-0.2211268691747812,-0.862159793822109,0.40740706037405716
2010-11-15,0.7358310477332622,-1.184336148514587,-0.573086963233435,0.8661586021445331
2010-11-16,-0.6731585665611891,0.5804048941857891,0.414652632532715,-0.6206034274547042
2010-11-17,-0.49460613972308287,0.7698676292342193,-0.7094381297539373,1.1090361444616503
2010-11-18,0.21965341445826853,1.4143131728403016,-0.471393219964195,-0.17343692551415962
2010-11-19,-0.05972120162202382,1.0865940088210215,0.06355019964737288,-0.5058820220398759
2010-11-20,0.47048822722864064,-0.681787101789727,0.873492465147807,-0.20518691059324504
2010-11-21,0.14824673591052856,0.24493453540996005,-0.4357258304459569,0.30892262233042156
2010-11-22,-0.5755335688314256,-1.4672495546983866,2.0338773656873976,-0.5454614476860691
2010-11-23,0.15503666959143295,0.5685958147214109,-0.5025417454283071,-1.6719593218120168
2010-11-24,0.011752556090053644,-0.6469777993505463,2.394851398856351,-0.46274696391342196
2010-11-25,0.007690889513611272,-0.865927309113048,2.5594076779345802,0.40037343967782235
2010-11-26,-0.7605341189474613,-1.5013384394507325,0.5438926090668601,-0.007996048215461472
2010-11-27,-0.8800494781032195,0.6600296085371888,-0.058877800891979595,0.6681863870562043
2010-11-28,1.512968191706761,0.7396605693312333,1.7864854699759782,0.053383798522394624
2010-11-29,-1.3816166626119213,0.3575853462058634,0.09694230038072434,-1.445880743661215
2010-11-30,0.33845546483517436,-1.1921616983759709,-0.8660137959693821,1.746104692795649
2010-12-01,1.626120986042577,1.0988683719200136,0.7561114843325908,0.7954218719529023
2010-12-02,0.25070670818109475,0.4091761167885981,1.8510292541296367,0.1608106846099785
2010-12-03,-0.8065493988874948,0.22051388805426844,-1.587235159545217,0.7636699565744033
2010-12-04,0.21854886374203758,-0.37279021470402207,-0.13554601556441245,0.7844758782047706
2010-12-05,-0.12721139821756494,-0.28257307551065786,0.28326036293805845,0.318347914842888
2010-12-06,0.8694178443249094,-0.11848096705380633,0.6722589270331197,-0.916942933487675
2010-12-07,0.3754067281819959,-1.4258357524658525,1.3623688476157974,0.1393808579834412
2010-12-08,0.1318302782359868,2.2794802093814446,1.099010191862092,-0.7226399412607629
2010-12-09,0.3267746422173488,-0.6246713574499559,0.6727471749541404,0.6926347860179733
2010-12-10,0.978209885681253,-0.47126125372795097,-0.10347409598339936,-0.7198755941500292
2010-12-11,0.36758536869390374,0.21687400273640656,-0.23153487865782618,-0.6023041051851765
2010-12-12,0.19671757021344535,0.11165395482017586,0.7126827951272747,0.41402716495678066
2010-12-13,0.4856860161522421,-0.11314965679233711,-1.3678088933116448,0.6297240651745709
2010-12-14,0.665573022641464,-0.23499913836706943,1.1165026463241707,2.3072846415155244
2010-12-15,0.3847394601223811,1.2926963271658376,-1.4383677653550484,0.21491618162234227
2010-12-16,-0.20274076737240984,0.1791650074569903,-0.023185325290816163,1.021028094771243
2010-12-17,0.7766603042809271,-0.22183538857673515,-0.1032976967136566,2.3194906997934903
2010-12-18,-0.6568679803091092,1.4647219438366588,-0.7600821368567852,-0.40355223899861525
2010-12-19,-1.2733292351543357,1.6757306601697983,1.1667526024684776,0.9585903964209549
2010-12-20,-0.14328515842777134,0.9571748153730698,1.5616076192497703,-0.5031404937584739
2010-12-21,0.14265773976031104,0.2653217401397279,0.4019393186846769,0.7302612438167233
2010-12-22,1.5299089094294211,1.4750886328869823,-0.6759004361745163,-0.18159423793828694
2010-12-23,0.38398568287125073,1.3279820001335914,-0.6805222636421071,-0.44487647686573456
2010-12-24,-0.1262613377402274,0.7954495408112275,0.016924357500880192,2.3135225554004926
2010-12-25,1.9124246482054355,0.8650578215995779,0.12597161699872703,-0.23405151397672982
2010-12-26,-1.0217029794004815,2.3102272519446045,1.3420870190833385,-0.6233352274951948
2010-12-27,-0.3115450262803739,0.3494251319426277,0.09151056148772012,-1.2649352829687692
2010-12-28,1.0479510156280223,0.9406300510026452,1.6087759362054197,0.738092871538366
2010-12-29,1.4907613521018082,0.579009128292403,-0.43483291365905946,0.5619966706679764
2010-12-30,1.8561221345057204,-0.5501440285998137,0.5194317396590343,0.5265361725025323
2010-12-31,-0.7978320477608367,-1.0073235019507787,0.4409782268832778,-0.20084121214381712
2011-01-01,0.8955300612723077,1.393850293572922,-3.676742807398042,-1.2982202248057608
2011-01-02,0.11092309831236781,1.2300868108654737,-0.5494635021832805,-0.517204312083967
2011-01-03,1.4297695307626745,1.0633937433281837,0.6707851927096555,1.237028882506773
2011-01-04,0.7457343760916957,-1.9229568992550141,-0.8257630290568956,0.4599112762772908
2011-01-05,-1.146027091788125,-0.4393475735958837,-0.471778951619601,0.9421788094806007
2011-01-06,-0.08846936068061757,-2.220194538453495,0.6904133692981534,0.8289012483071538
2011-01-07,-0.229046200689516,0.4775359084407864,0.7619082703623042,-0.7274754693818904
2011-01-08,0.5681315936689841,0.9522219131022541,0.7819277267125201,-0.6654053056495297
2011-01-09,0.4416933545172585,0.9974942238437019,0.6785895742942175,-1.4459439984000193
2011-01-10,0.07122197344866939,-0.08836046337004111,0.0807606020891545,-0.5458955324356538
2011-01-11,-1.4061338673440018,-1.0637141815778033,0.056597461765931126,0.16580736431800994
2011-01-12,-1.0618129665830958,-0.15649194109639097,0.15086662306736023,0.10231327276134786
2011-01-13,-0.7134925734340547,-0.20174666611740918,-1.1818572462842616,0.2722432810006045
2011-01-14,-1.3277680272846255,-0.32504084310069314,0.10825434648192679,1.6653863029999012
2011-01-15,-0.05971068303432368,-2.1752547670560647,-0.324926687714321,-0.3199945472835649
2011-01-16,-0.3821224212434244,-0.914192809772066,-1.484139271468283,-0.23169943781662944
2011-01-17,-0.6321509195530655,0.9023457241951353,-0.4180867020477941,1.4623375052923182
2011-01-18,3.1129602417096436,-1.1133774690401064,-0.5632456595216676,-0.10871832188461801
2011-01-19,-0.35097766899168464,1.4908437492899604,0.8997777944937358,-0.3475631330276677
2011-01-20,0.10445628159242092,0.03357592657793877,1.096273629943169,1.4926539843849809
2011-01-21,-1.0917813688331857,2.208803985642964,0.903844732528154,-0.4315506832220901
2011-01-22,-1.1531801977762364,-0.07765507807869468,-1.762192432510728,0.4795985414759569
2011-01-23,0.4362480951121949,-0.47394369709519724,1.4891542510374545,0.5438319591955794
2011-01-24,1.477592246582004,0.8990482625482411,-0.9182622328500801,-0.7758750756048037
2011-01-25,-0.16165050940098538,-0.5434230020240717,0.4464283513304443,0.3521579699621954
2011-01-26,0.1571914469026228,-2.104084014083713,-1.1146559487194154,-0.3721640394575062
2011-01-27,1.1444617224352789,0.2435882601754815,0.1268833926446617,-0.5390270001273603
2011-01-28,0.1253994820022887,-0.05314706036734142,-0.6027907827669118,0.2781725489809203
2011-01-29,-0.17856628274435185,0.771941359937994,0.9139875344007964,-0.5618519505000746
2011-01-30,0.43037702815920087,2.0703804801178842,-2.20325799818507,0.8770664769770309
2011-01-31,1.4913060099708209,0.4330629442592478,-1.5078753727084118,-0.9728074653840307
2011-02-01,-1.335143670686079,1.2421775108996547,1.15488423517688,0.8190103220808164
2011-02-02,-2.103760278703128,-1.3264690859747517,1.7028932140811608,-0.6221643937751763
2011-02-03,-0.6317292187941632,0.9843046706926422,-1.1210764549933958,0.5665170425377666
2011-02-04,-2.8042309168016084,0.5869817285418102,0.4004138365704038,1.320619869990643
2011-02-05,0.25914575122350353,0.14559997011346304,0.06972089825667432,0.26625688814366333
2011-02-06,0.34142803124600124,-0.895496700817499,0.479175841169884,-1.4220332866490986
2011-02-07,-0.13615336048000265,0.9253166124904589,-0.9296799916787399,-0.7606136342949659
2011-02-08,-1.1263708765134992,-0.9571089643013122,-2.761892500704334,0.3457811280401534
2011-02-09,0.1299046404453509,-1.3549612063283267,-0.027551841617646153,-1.8602470947834384
2011-02-10,0.5746283086821419,1.5870733125463568,0.48266250457283966,1.2098999113686963
2011-02-11,-0.34413470999631696,-0.3613791703251326,0.6906946460707226,0.035527712521505
2011-02-12,-0.7265180258094665,-0.5388760203888359,-0.6710463231489614,0.23437150344059002
2011-02-13,0.35577984185775086,-0.06997778330360037,1.1116803912236064,-0.9223387378028864
2011-02-14,0.2800018879021392,0.12344557873072555,-0.18956104377441582,1.0429876877795283
2011-02-15,0.372923209813644,0.7444436931337646,-1.4193469878759948,0.45648382447630226
2011-02-16,0.27633138234148896,0.7962883214006852,-0.062107061334258834,-0.09038122065961582
2011-02-17,-0.21809484494333267,-1.0717151136011571,0.7424725575320688,-0.9778808317760602
2011-02-18,1.1543165977446257,-1.3073705270736113,0.7539551524905318,-0.9809117564712666
2011-02-19,0.7638415741376002,0.6813778486334509,-0.9947749286863744,-1.4339009738317108
2011-02-20,-1.0943533372220324,-1.1083123878307548,0.8925618490270261,1.532560037929694
2011-02-21,-0.6907550588784367,-0.49066910995634033,1.521143279618227,-1.13627815836629
2011-02-22,-1.4698144397734618,-0.6618071494582494,-0.533159420268526,-1.5030119910614828
2011-02-23,1.4143042625709197,0.482187590977686,0.5254714042353854,-0.5104132662591998
2011-02-24,-1.7591548795209335,1.2116838735506992,0.41280522237343736,-0.08001612074550765
2011-02-25,-1.1532062687623195,0.1724641248023181,0.6026524028765116,-0.8484084169232244
2011-02-26,-0.4965974080293475,0.2854097550980303,0.05239128038750275,0.7830523218992048
2011-02-27,-1.1960052018981835,-0.7303682744355682,1.0877467410062913,-0.6464324896490503
2011-02-28,-0.8983240098228045,-0.47830937807611185,-1.70954099323823,0.3998170147273196
2011-03-01,-0.9077491559985446,-0.35630596453645397,-0.34164451231563253,-0.06066400955041946
2011-03-02,0.9691554401888528,0.7375891503772545,2.3472966968860645,1.2644647946438081
2011-03-03,-0.5877024612405394,-0.8610563615468365,-0.6130652416391092,-1.3816955106161706
2011-03-04,-0.5304659622144486,-0.919776869553017,0.1763966851062077,-1.1823433710748061
2011-03-05,-1.3452149929588604,1.049086908632909,-0.998967451495796,0.43541713501069823
2011-03-06,0.4433401508296253,-0.828346889096541,-2.9586354969702477,-1.7898693948092028
2011-03-07,0.5568415342477091,-0.03157572025715312,1.2862523173561957,-0.511824831052239
2011-03-08,-0.38315250811447404,0.6289979753560181,-1.1309003534270434,-0.9398169342566242
2011-03-09,0.2957506295374817,-0.008266877698087899,0.2433334567698031,-0.02977243777301425
2011-03-10,-1.4330962112406518,0.5186222354578066,-0.24796368151893944,-0.659106732366085
2011-03-11,0.17669097993027288,-0.9186595072558748,-0.733764939571484,-0.4804115235139679
2011-03-12,-0.4981448334973637,-0.08547474507041997,0.2314314243368088,-1.05477894980612
2011-03-13,-0.10169607031731819,0.0554043863222979,0.2516996016210159,0.9975648823915623
2011-03-14,0.7961337232223599,-1.8340553054613735,0.6046938924212281,-0.14641877608073967
2011-03-15,-0.10293234917628226,-1.0740136299688288,-1.5537086215407323,-0.669241703459113
2011-03-16,1.9328486357562695,0.4586380844960561,1.0714627158201497,0.4403637627014193
2011-03-17,-0.4297754418419949,-0.027343800382973113,-0.42667500056226026,1.7213240535654857
2011-03-18,1.2660475981561299,-0.9696075553232629,-0.27058859849780476,-1.3908576619654796
2011-03-19,2.0941935505828844,-0.7193866298152223,-0.47567577920476145,-0.6655313377942521
2011-03-20,1.3015516452304328,-0.04326373697744522,-1.0975568859684621,-0.47363126508446335
2011-03-21,-1.2976386210540254,-2.067098460380887,-0.35386145922396683,0.20032594121700223
2011-03-22,-0.6864153952545661,-0.04819206586707101,0.25222160601994087,-0.3017001096400625
2011-03-23,0.5802969360887554,-1.7004797866647403,-1.5276655491256974,1.258109479023589
2011-03-24,2.0797506125825547,0.49917496482280177,-1.9599526826755898,0.227271564666835
2011-03-25,0.5457317910495305,-0.8447206661153447,-1.2381944508172686,-0.537544684446194
2011-03-26,0.5642386060113543,-0.7751357606106813,-1.0489314605019087,-0.7364567424360718
2011-03-27,0.7542209605976258,0.25532458038757544,-1.06236478494888,0.8488742397400317
2011-03-28,0.7642529537149246,-0.12874399286350327,-0.4610661107152188,0.7803946917762773
2011-03-29,1.4696959519783372,-0.5186979824742165,-1.500648644738299,-1.5168972584396578
2011-03-30,0.9225581391702109,-0.2628649004406812,-0.2675291684000177,1.0159020360591067
2011-03-31,-0.0473601137706769,-0.6718992559628599,-1.734692358696414,-0.900467077803052
2011-04-01,-2.4809213236938983,-1.1511065379182202,-0.36040789591000566,3.042536771045103
2011-04-02,-0.004689113536159178,-0.20022498154935325,-0.7508534624580555,0.2964739435206223
2011-04-03,0.14470433345477757,0.6273251557636207,0.40048343591368424,-1.2593143822995279
2011-04-04,1.0729568595682064,-1.3790003309776724,2.1795114603578263,0.34951165656618766
2011-04-05,-1.023281181188443,1.0108572997258918,0.4957824382813791,-1.9177669911557353
2011-04-06,2.1815641784918682,-0.37089217273715974,-1.066472416196526,-0.30162849218992765
2011-04-07,0.5402903349816865,1.5169531487210375,2.376518575340309,0.5534366325560586
2011-04-08,2.4177324930617097,-0.38776248758918735,0.970109161311948,0.10838471426743944
2011-04-09,1.1976322468354268,0.18302701690153111,0.24001708784814044,0.7277308104944129
2011-04-10,-1.0206463201176612,3.0642810474092554,-0.1705331949939645,-0.3591202240273428
2011-04-11,-0.8868044809309211,2.735602601042799,-0.39960641553906284,2.1194463427987227
2011-04-12,0.3930721344036123,0.9728433227658103,-1.0652009503339068,-1.6532979388582758
2011-04-13,2.085134964911558,-0.5807748361815946,-1.3700339064052933,-0.13277662531249101
2011-04-14,0.46609953192207193,1.1784962847380234,0.5326017121768898,0.17282838956221044
2011-04-15,0.41172508250720363,0.7331227076560245,0.35129329940181236,0.952846073414771
2011-04-16,-0.5316311913929874,0.31565438380050215,1.1739394064947413,0.3514663812366795
2011-04-17,-0.5384033564971101,1.2318016649790628,-1.4708324281879341,0.16451404317165658
2011-04-18,0.09511116686280682,-0.8556593809237362,1.5763095711831925,-0.6538999141080858
2011-04-19,0.21493562257005214,0.6680978693533036,1.2279606472990179,-0.07884609229092188
2011-04-20,-1.4842223726008286,1.3096683750960398,0.6572247433578703,-2.2592792928659144
2011-04-21,0.4976593169696658,-1.6125473438453617,2.471652398133947,-1.0129552385975815
2011-04-22,-2.3243040958259025,-0.4786308513193993,-0.7807294638497027,-1.4416184550455824
2011-04-23,0.21231671553213669,-1.0093455139428107,1.064300692330393,-1.2530126278233904
2011-04-24,-1.1818805106842583,-0.5414255550413746,-1.0484120641348291,-1.3483315506613145
2011-04-25,0.7665699455873632,0.24775540763942666,1.6811285583085187,-0.6093109182638368
2011-04-26,-1.4330534070999548,0.1428464787717852,0.12998140948016818,-0.3346361109442574
2011-04-27,0.18350851666704313,-1.89329113659929,0.5791575595515824,-0.980294535600081
2011-04-28,-1.1833416684930176,-0.07550716900512118,1.9777171545655932,-0.8528677292555878
2011-04-29,0.5521996556443416,-0.135538622784709,-0.5179324754317831,0.4955483943460151
2011-04-30,0.9612686270939342,-0.461442309801849,-0.30815058185028793,1.8279930324537945
2011-05-01,0.4062335241468792,0.2504517075142293,-0.6268131717133437,-0.8097770940099808
2011-05-02,0.7740922050149732,0.3090088397453143,0.055955871907456954,-2.562832321958488
2011-05-03,1.5664977446712773,-2.316444224461548,0.7288493007845097,0.09986311743854343
2011-05-04,0.3568235601729692,-1.5879196559870428,0.23535572932660676,-0.6832178051028498
2011-05-05,-0.09729349645508895,-0.19474135620576888,-0.042820587289181554,1.8405179020150446
2011-05-06,0.9789376184708733,0.1124165928204512,0.30696984886997136,0.28670684720909995
2011-05-07,-0.24088693787499804,0.4587703222173346,-0.46331100106760476,3.478563959419049
2011-05-08,-2.736219367286069,-0.041001181672638214,-0.05352423036478948,-0.22841805706692503
2011-05-09,0.24892716590785197,-0.9359825140362731,0.06851772549114211,-0.43495882816163417
2011-05-10,0.05463746860836825,-0.5666735284192245,0.7719920521093718,-1.576446899314035
2011-05-11,-0.4189148330031127,-0.665354375204906,-0.6927892791671209,-0.10489836270646191
2011-05-12,-1.1671237619000199,-1.0495552937471284,-1.3952272669329746,-0.2981466785047052
2011-05-13,0.04372354493246466,0.8847322501691168,0.5950354214539786,-1.0755414507173773
2011-05-14,0.6868508224790879,-1.3319621323364685,0.36234811690400426,0.08564837556644478
2011-05-15,-0.6604103775958945,-1.3594668051949315,-1.0730156354475349,-0.2907772372327049
2011-05-16,-0.39075486277754357,0.6824944540517272,0.8480623878949957,-0.7032636255988565
2011-05-17,1.0510403984770473,-0.18604716439793723,-3.2820304348686644,2.0859822171204216
2011-05-18,-1.7076312075424966,-0.35750974298832033,1.022164283329066,-0.45367248682111083
2011-05-19,-0.5477117966490213,1.8897999870000597,0.19328919135954073,-0.18055403768603548
2011-05-20,0.8169868069233027,0.234846039754225,1.757659044648569,2.183677382107975
2011-05-21,1.647056450982119,0.9713306664716927,2.0067896980804223,-0.2613779981214471
2011-05-22,0.21387758626999745,0.3947341250934986,0.6182401256833004,-1.4964831144448685
2011-05-23,-0.8862839169340448,0.13388633372667366,-0.8162757510637514,-0.5467204305338902
2011-05-24,-1.6315219621731187,0.1496661821650017,0.4144817812573362,-0.4059888809300604
2011-05-25,-0.907886728306365,-1.1965798587765892,-0.6355181106056256,-1.4868930904224995
2011-05-26,-1.2765791387980714,0.4303435942500379,-1.7022607588746925,0.26118458581978726
2011-05-27,0.11328518220726821,0.1667619994343109,-1.4395295031938142,0.5006745643531394
2011-05-28,0.5244773746060525,-0.1588479237976046,0.9934267057927316,1.71578062589887
2011-05-29,0.32099596900244587,0.268092678418573,-0.5550421754221269,0.9610816710510012
2011-05-30,-1.0364926508313708,1.4292744716723171,0.10619565885616335,0.8266127922988968
2011-05-31,-0.5717085301379696,-0.6729061163992898,0.06918562972513419,-0.14840742086888342
2011-06-01,0.37733275513452597,0.7105469350634701,-0.8781185064572603,-0.3606349812939192
2011-06-02,0.4391583023171233,-1.701315394153875,-0.41317580205838456,1.6657115064994086
2011-06-03,-1.0196835836762261,1.512605548116997,-0.6914907406193601,-1.0849182286997674
2011-06-04,0.2955191682283888,-0.915748714488878,0.2165479124302385,0.3670604085479487
2011-06-05,0.03992366249888715,-1.190168212045375,0.33298986381780793,0.0040729472715147295
2011-06-06,-0.0956182204017832,1.1233705553789735,1.3556341376392107,2.0161471045536445
2011-06-07,-1.9375876503919853,-0.9145053492299919,-0.7398261338001297,0.8095414428793513
2011-06-08,1.2110127958169647,-1.2254440672783835,-0.6014515075078446,0.24100938754011647
2011-06-09,2.114494721840701,-0.9895418225160728,0.6667018513714553,-0.6226004116478141
2011-06-10,0.3868853720685743,0.8582136423757106,0.2637129321075168,0.04737324720647014
2011-06-11,0.6128144387241045,1.7604061767452917,-0.19387937464502553,0.8059864453864799
2011-06-12,0.9821188408760735,1.1323015846163154,0.690632025957652,1.4889770597928087
2011-06-13,1.7772250635806428,0.3990964695248933,1.0712909392980203,0.4320307067629009
2011-06-14,-0.810597724554009,0.7660346407283658,-0.6534142892227814,1.9151158170763312
2011-06-15,0.8233507797481244,-0.14406135515376525,0.11271312328053272,0.2950143086372837
2011-06-16,0.9532589668953155,-0.31022177241178495,1.0614023071130427,0.3111436409501171
2011-06-17,0.24202788878624806,0.23028468804250649,0.9731803480217324,-0.552776104262686
2011-06-18,-0.2331132161969284,-0.8542641957337227,-1.5993158598326376,-1.4243474433772163
2011-06-19,-0.053042698716695674,-0.45014835016905774,0.07869411473669881,1.2778631894619372
2011-06-20,1.5434070953559458,-0.86681699093382,-0.7706628486686867,-1.468741780886265
2011-06-21,2.433027630983293,0.31577628032528465,0.0025952635022018994,-0.001473418255755539
2011-06-22,0.09173087375975532,0.40859974715739034,1.6816506298622373,0.5366073788931568
2011-06-23,-1.1337168801542739,0.23871184993305847,0.08144320554942377,-0.2139247408994364
2011-06-24,1.5554805722498646,-1.0397194573874888,-0.06938143347308691,0.7823398180976318
2011-06-25,-0.07816806137583918,0.46290729125750746,1.328462563858505,0.4333290085155941
2011-06-26,0.9598034795497846,0.5890210279817677,-0.6371358282200517,0.9634715686275303
2011-06-27,0.7698207281812702,-0.8036581067318992,0.2218650907488693,-2.433112353905839
2011-06-28,0.01893823271504179,-0.9749990285121208,-0.30792816234501524,0.042743460065013464
2011-06-29,-1.2084990711432055,-0.16520435448608978,1.1723261128331868,-0.23140676270162697
2011-06-30,-0.6880724208534555,-0.5471738916240997,0.2703854596234846,0.33091789774348773
2011-07-01,1.6967525026316086,0.23107083571400983,0.4537267265923534,-1.1678015825145065
2011-07-02,-1.8999072354481203,1.192318758704993,0.37767920529155363,-1.4014550262816614
2011-07-03,2.2695980086559913,0.09486765619299892,-0.3974370073308403,0.10893288213329548
2011-07-04,0.6404223682023891,1.2341497160011698,0.9585489670869934,0.6237847093271295
2011-07-05,0.15658206455810506,0.6648575557233593,-0.4423185110121489,-0.25958405805779383
2011-07-06,-1.0023025926386746,1.00024556752643,-1.4222278871137528,-1.1786063520086616
2011-07-07,-0.40618150345109355,0.08828218837941194,-0.32515783106158935,1.1823416725213094
2011-07-08,-1.912642765921008,0.6990827498327912,0.4519331974623025,-1.0082466605354838
2011-07-09,-1.5498899061704123,-0.6920714976649898,-0.55875394690805,0.2943557833489722
2011-07-10,-0.14469013480648404,1.5141617286583275,-0.17899859527436754,0.3931615407663983
2011-07-11,0.029542162848703226,0.7660300102019829,-0.08413338369665405,-1.2469302897286751
2011-07-12,-0.8097499601446323,0.2434152389307636,0.4908934355961638,-1.9707411899140632
2011-07-13,1.1584357359535251,1.2401650242583082,1.8958492982481672,0.6806128089684282
2011-07-14,0.23841716314903796,1.5485094499573702,0.09261950431046873,0.1473282751483566
2011-07-15,1.343950528237324,-1.6715342089877139,-0.09979772070596986,2.7118723940689833
2011-07-16,0.06101994880903989,-1.294112124085851,2.5402151013880028,-1.4824781154520204
2011-07-17,-0.6354954005432247,-0.594025904421385,1.120692442435067,0.5882287097840071
2011-07-18,-1.978061562920238,-0.1801961806684698,-0.10716613177701828,0.3348141373178205
2011-07-19,-0.33134850681214895,-0.17133987200754952,0.8069851173121189,-0.4889686278533327
2011-07-20,0.6133480120984606,0.33757054210632026,0.2806297550157405,0.6223149900690714
2011-07-21,0.5653764863944797,-0.9821826492023678,2.1984894599251925,-0.5217856234127202
2011-07-22,0.7295685054801465,-0.9257274965193184,0.5493437069377112,-0.8401900060702869
2011-07-23,0.6674526270966273,1.825561302533869,-1.5826549952452194,-0.9389663342654101
2011-07-24,-1.2811559749671473,0.03626972066043488,0.5075894233397705,-0.25061605530065756
2011-07-25,2.017496812725193,0.34008100983011563,1.538343417299634,-0.2780889106826788
2011-07-26,0.9680464547286732,-0.46657674916916747,-1.397051455906478,0.3677667435363794
2011-07-27,-0.10542271411896427,-0.01617056353617102,-0.23273191827354897,0.8141021283836803
2011-07-28,-1.4491933921736393,-0.7054994398011067,-0.22979811387554486,0.04200318071657873
2011-07-29,0.09456617850675125,-1.2692666816119045,2.3995424746059775,1.1974004995881453
2011-07-30,-0.45730437457467155,0.23153280430100695,1.4280240991009268,-0.09301966943967067
2011-07-31,-0.9134536895780468,0.2417183618695772,-0.3162699469017152,-0.5499331649867152
2011-08-01,1.098329769450832,-0.9051601652066051,1.300830083962829,-0.7316910060459952
2011-08-02,1.4315518636999827,-1.7642017386459516,-0.07646106294010804,1.1929877526664707
2011-08-03,0.5290934522724854,-0.5565170922543632,0.4975319699670437,-0.5816708270943765
2011-08-04,0.6543447323977786,-0.7282380991342623,1.487702166769878,-0.4602763771736069
2011-08-05,0.012136848767788757,1.7694210304656075,0.023267474283863047,2.3588001609636104
2011-08-06,-0.8382960511742518,0.08061734469461758,-0.6655545397216075,1.1387174218314307
2011-08-07,0.07611050998124629,0.04649456762720142,0.3461332326500859,0.4792937311941743
2011-08-08,-0.3036489198589784,-0.8905630472619495,-1.1263496610458912,0.5806463413603904
2011-08-09,0.2805331424891927,0.5468509538154256,-1.2792034431277333,0.29628045731060215
2011-08-10,-1.2638241954640659,0.22813037774118528,-0.7390339079189229,-2.722929339499999
2011-08-11,1.4206805113851202,-0.9868487910661455,0.046722291058105304,-1.0247362865844591
2011-08-12,-0.2915644148046312,-0.38264842475737815,-0.8443261580082074,-0.6833273514400193
2011-08-13,0.6203626247583709,-1.5416204796449866,-0.3154041899531627,-2.725104798034678
2011-08-14,-1.1793928672447074,0.9758671796435705,0.06379878913070171,0.2762141923498884
2011-08-15,0.5172905882507617,0.16248220136259953,-0.14128790989289156,-0.2530974035703277
2011-08-16,-1.047224343127988,0.27427458565577895,-0.46334190816261134,-0.7568472617070495
2011-08-17,-0.9813131360213717,-0.8782206879369153,1.8917864737425976,-1.1628283436375506
2011-08-18,0.4350961453089961,-0.5991298807684796,-1.34655309220299,-0.18933087304618235
2011-08-19,-1.031620276783955,0.16241562076478103,1.8177485177257386,0.1996113459414947
2011-08-20,-0.4764705269288842,-0.26004225458528274,1.2676098802094653,-0.3690180069396288
2011-08-21,-0.538217677608062,-1.9040713258336606,-0.7970205178852283,-1.157054611656545
2011-08-22,-0.709258391665726,-1.1845170124288509,-0.705006673190059,-0.09160716484418713
2011-08-23,-2.2079800346102343,0.2594433814517691,-1.005239464595857,-0.16310732494427915
2011-08-24,-0.4849641936381692,-0.10206160594156939,-0.593728641944153,-0.418428343087362
2011-08-25,2.1205819250686613,-0.7412909500689742,0.14443370173072584,0.9928595942840698
2011-08-26,0.508583835210807,0.7405077270609478,0.911582577911689,0.47646231367995806
2011-08-27,-0.574991427385203,-0.014620132499096182,-0.8922810584463589,0.579074928026421
2011-08-28,0.5650170487952483,-1.4767299502587705,0.902367671427488,-0.023320755818598264
2011-08-29,-0.74166883239019,-0.1096945980901668,0.8711089102028712,0.20776594253737082
2011-08-30,-0.6636352176395847,0.2695818887260169,0.16875244295940192,0.4429452667000554
2011-08-31,-1.7064089774729128,-0.1734218959793213,0.8539411159699289,-1.730883714430163
2011-09-01,1.666544382037508,-1.0422377131244076,0.5599598326174033,-1.8415908238994352
2011-09-02,1.1970938908123867,2.1447525804954632,0.6280353739157116,-2.1446199638862518
2011-09-03,1.4289833492999595,-0.2105642173474435,0.5715663287369902,-0.5507087405303921
2011-09-04,0.24482555736789044,-0.4844980620825863,1.0767801278667564,-0.4364719191329166
2011-09-05,0.33432461729924823,-0.6709219271372612,-1.5705489363636655,-0.19495309496711336
2011-09-06,-0.8209757153820978,0.8551669613635812,1.096981612804782,0.7358209511882461
2011-09-07,-0.40035558377202174,-0.07646382300966038,-0.08218862086812341,0.7119463640397536
2011-09-08,1.0639004667324812,-0.33633946056221553,-0.04392388783400821,0.43079828131906256
2011-09-09,-1.0524185536462574,0.9698187573807843,0.2578252331587581,-0.031944993398889156
2011-09-10,0.48917918825782436,0.263228836358343,-0.808469569698815,0.6773803378496362
2011-09-11,-0.8847955060625385,0.11759426761290775,0.04321127787175313,1.5569337900992921
2011-09-12,0.48053146440710104,0.6793997117718386,1.0936803369347239,1.0280947422511166
2011-09-13,-1.2225860004375242,0.8978408752730639,1.035678594847823,1.3125757874517792
2011-09-14,-0.41667796497279075,-0.6461310508992079,0.29554240816194527,1.4167107560076717
2011-09-15,-0.2137969849658796,1.2500667208687333,-1.2578440727738769,-0.18937331917317476
2011-09-16,-0.3219368414151736,-1.1811426909143503,-0.022157421199341325,0.3348092829649716
2011-09-17,0.8557739787758687,-1.0649982163040808,0.0006161736838430034,-0.06459106226688051
2011-09-18,-1.4599836295826965,0.9372670741482568,-1.3971022811132288,-0.7586123535568162
2011-09-19,0.10763211976058727,0.09745119367997414,-1.1877467189549682,-2.0137351577009355
2011-09-20,0.010380403604898808,-0.06665320999550019,-1.1948338078974408,1.4923804727299528
2011-09-21,-0.4959051578103412,-0.8689253179637937,1.1465437567290853,-0.5491333754585876
2011-09-22,-0.1463881357689473,-0.5546552169148922,1.4219819575968904,1.1003264845516172
2011-09-23,-0.3113536200447743,0.4317951995994156,1.1065409584336103,0.2670248708490844
2011-09-24,0.6392372672075576,-0.2566518328843952,-0.33329880809620277,1.729424523108331
2011-09-25,-0.512360862065672,-0.020465207331387437,0.7496206598491038,-0.9729384157273969
2011-09-26,0.9357765896560768,-0.0901009662930388,-1.2319324522235628,-0.04260647526889683
2011-09-27,0.22796623353420384,1.7871280712597093,1.2431564583133439,1.1397407090365528
2011-09-28,0.7002859686954541,-0.42202110495760387,-1.4308069141405457,-0.5096086753975148
2011-09-29,-0.0757069244334202,-0.29250575789993855,-0.8216356123077266,-0.964260720745837
2011-09-30,1.679181285177399,-1.0711924771073238,0.34418958385644177,-0.35974725512123157
2011-10-01,-0.20240289053498525,-0.6426956829261975,-1.714290183139503,0.3642470432181693
2011-10-02,-0.7141054870418428,1.725471385613371,-1.11416411282521,0.7229503881330237
2011-10-03,0.5844938296561145,-2.0071750868059515,0.7310765865031877,0.36683281685174396
2011-10-04,-0.9148522043500692,-0.21320427395426256,0.7331127220468816,1.1757987778281733
2011-10-05,-0.6075421555144923,0.5837661867893288,-0.6551207061897496,0.9570635288586782
2011-10-06,-0.05998722466428951,0.3318957610547139,-1.1298449440706355,0.13650860671239357
2011-10-07,0.8311729732464684,0.12021295512373731,1.5962467446057254,1.661828500234153
2011-10-08,1.1759339118979184,-0.9943616251187413,-0.19184456740304168,-2.690017768456933
2011-10-09,-0.5503098502805567,1.0492125516104929,1.6709112695425685,-0.1933325972251758
2011-10-10,1.1799757809491287,-0.39405406028979206,-0.44876162184776197,-0.8864581355210595
2011-10-11,0.16127154775007846,-0.48848886869051755,-1.0284871772068573,-0.2343424130023844
2011-10-12,1.745014189634698,0.5114127219048891,-1.6466871665404492,-1.268216618114172
2011-10-13,1.6005586242435679,0.987679971446673,-1.1411407863757483,1.3514938733858892
2011-10-14,1.4357544900175805,0.35460341160195336,-0.27223053036743117,-1.2848319616212078
2011-10-15,-1.8215553940892917,0.17276603967144707,1.0013743612390942,-0.5329555543175372
2011-10-16,0.4329742068911651,-0.8363136986773894,-0.024516334375616098,0.3124043866365808
2011-10-17,-0.28671258731406357,1.106675893468698,-0.7753537401739575,-1.0277852317497014
2011-10-18,-1.1574027570593428,0.6670018158499362,-0.8741312634139725,-0.6435201303678149
2011-10-19,2.413634875286925,0.7785688639157011,1.1652298841148883,0.8090459190867914
2011-10-20,0.19775853163214296,0.9459614491183893,-0.19471163627301485,-0.9347427229368934
2011-10-21,0.45993787149603316,0.6253786224511463,1.5929031236819298,-0.021926431757838684
2011-10-22,0.33087067062160397,-1.1784940371377188,2.8254366799814887,-0.34489066748731634
2011-10-23,2.199057231968864,-0.23212873057009947,-0.4605494550060179,-0.9083037538150324
2011-10-24,-0.018086617204372303,0.4417259376861502,-0.8432874582103258,-0.591479051732468
2011-10-25,1.97468949255968,0.19792360495614683,-0.576746207883974,1.1290082374878132
2011-10-26,-0.5509954041337686,-0.07546503090837213,-1.1599919041836686,2.124453121834956
2011-10-27,-1.859122439893048,0.749593138065574,-0.3014799452532595,-0.4119296802163097
2011-10-28,-0.21652135648676282,1.009705675124755,0.977305657640096,0.20363642870568763
2011-10-29,-0.683785497144008,-0.403803945179867,-0.6325493456194824,0.13447017872486047
2011-10-30,1.364086093975549,-0.4730052045132497,-0.8704459774036135,1.430883277587335
2011-10-31,-0.018063946648597576,-0.19248512497397013,1.6218726842368076,-0.9186862184846721
2011-11-01,0.8168785729990096,2.309942384801632,0.28053882749724346,-1.2945224218665228
2011-11-02,-0.10035367257772385,-0.5085097990159401,-0.9380491033110673,2.0640572333087466
2011-11-03,-1.3894469654651807,-0.38409774197212543,0.199147009810113,0.7294879938967871
2011-11-04,-0.3731560184715126,0.5523416756003043,-0.6540738389744907,0.5640359383322798
2011-11-05,0.1606612657985943,-2.4219472864734777,1.1045949811099254,-1.0704567028956438
2011-11-06,-0.22997199184707096,-0.7873251734452399,1.7189154959927928,0.16734767608290024
2011-11-07,-0.2329776458363188,0.5958759792358834,0.5269020461245296,0.5050495580416978
2011-11-08,-0.7517737498648073,-0.14716125200750607,1.0629934624717865,1.274534710990571
2011-11-09,1.2192568988270565,-0.250009899486307,0.037818190090974466,-0.4894730111302776
2011-11-10,-0.8495463736621491,0.027356049646944786,0.6119048562472991,-0.1739983133505472
2011-11-11,-0.4372842809331656,0.10687725569072754,1.4983922406669143,-0.9554875427646724
2011-11-12,1.0195254007833303,-0.4093073541398263,-1.5469447241533836,-0.6831387097149539
2011-11-13,0.4237231566234731,2.2855180112234033,0.1019195999695133,0.7502636579529621
2011-11-14,0.9925937670312677,-0.25046843251515455,1.4627007157098302,1.5897490538401682
2011-11-15,1.4592465477008085,-0.6996329409036842,0.07787751174538514,0.47904717806756875
2011-11-16,-0.5928898731483835,-0.35474248991505525,0.6525107034941244,-1.2788814092011953
2011-11-17,-0.3631559559694854,-0.2759401945375694,0.6864682924623636,-0.33824161221947396
2011-11-18,0.5643966687934634,0.21676865060451767,0.1908134314915143,-0.5885120257386381
2011-11-19,0.658135296670122,0.7165806174055043,-0.07994752283797493,-2.4333396003748695
2011-11-20,-0.6327064351959963,-1.479716066573366,0.04068378049863688,0.06136543432929328
2011-11-21,-0.8083026785059755,0.797446620815843,0.2578106902819689,-0.017148162821314844
2011-11-22,0.14834735113310427,-0.38230257045161953,1.718277202298464,-0.3401294543668902
2011-11-23,0.22908238792341123,1.3555031717740436,-1.2680295127710248,-0.5880612995449452
2011-11-24,0.7677503965907359,-0.09964621797230117,0.46992070846924255,0.3219599190329528
2011-11-25,-0.6251053861752147,0.21261354744218108,-0.8045815099695142,-1.0497532185535883
2011-11-26,0.9626289042832382,-1.4541061740037127,-0.22282606013025474,2.6366437103886975
2011-11-27,-0.52627674149801,-1.9377882885062565,0.5309047700464442,0.6649736871588077
2011-11-28,0.614134299816903,1.1757711878715058,0.23220838566378452,-0.29339168621939055
2011-11-29,-0.3684510893021161,-0.4940230437717166,1.1439339799066544,1.061393218072247
2011-11-30,-0.8807387910648073,-0.5642545855766123,-1.4305513868112152,1.2347170310789113
2011-12-01,-0.5622736484620371,0.5906840438760985,-0.0916662252175272,-1.5495766311241608
2011-12-02,-0.2608705358244019,-0.6432606026421779,0.4060881275924684,0.35277177280602384
2011-12-03,0.06309133008162937,-1.1124453404352677,0.7404532759175938,-0.019517116067653467
2011-12-04,-0.22523009683011463,0.9239606527649789,-0.6234499102725036,-1.3317669642223344
2011-12-05,0.2984882101975072,1.6810103852872116,0.6656835968698677,0.17282695502413223
2011-12-06,0.9657158637493477,-1.07288167107743,1.302312302814713,-0.3384387309349889
2011-12-07,-1.2486218754432465,-0.10595032494794342,-2.0542802273042304,-0.12621569339817915
2011-12-08,-0.4616214167639389,-1.0371253340830804,0.5552096020096432,-0.4127530591143368
2011-12-09,1.0964389158463634,0.10075094848900827,0.03884097657833779,0.7405878040895053
2011-12-10,-0.026341167919866976,0.29238529233504945,0.2604395062427497,0.077338441690518
2011-12-11,-0.3328582108357332,-0.4848401132073061,-1.006494038519742,0.06076880283332962
2011-12-12,0.11043285332041525,-0.6196330768328099,-0.027867626682976047,0.1993761213337348
2011-12-13,0.6718311363035487,0.9549001024370379,1.3994369678196665,-1.4064148904505755
2011-12-14,-0.5173399154828342,-0.8027551060550191,0.06273625176463203,0.9142564536944168
2011-12-15,0.5288379080056842,0.23903138703579854,1.2610969246690247,2.7016687523877545
2011-12-16,0.9295897953476246,-1.5475535751936669,-0.9724985835927151,-0.36181355037434515
2011-12-17,-0.7860524030721137,-1.5460904775869537,-1.0183097072033929,0.23579642235998677
2011-12-18,1.5419128054993554,0.9825039608293025,0.16652244958279552,-0.14622880556766096
2011-12-19,0.061546681236248395,1.9740629004008106,0.36608619703113826,0.07748375356887978
2011-12-20,-0.5033596174848745,0.17330374823609287,-1.018048656216441,1.08930522181298
2011-12-21,-0.271904750809416,-1.2636944797586436,0.0883318517851306,0.2719312411832489
2011-12-22,0.32549047202862935,1.3111476369363166,-0.6928276152777753,-0.2257042387753454
2011-12-23,0.12977553170281292,1.1802771033556285,-0.11257739977760732,-0.9924256398546007
2011-12-24,-0.37604477230304756,1.4194501328253106,0.7298047166621462,0.7309048760465042
2011-12-25,-0.3155803956310814,0.03466201841158085,0.14993752001870186,-0.7375947979432907
2011-12-26,-1.1276363336508886,-1.2778893590476534,0.5785288260609559,-0.6617079793167557
2011-12-27,-0.12204461561872725,-0.25295930771551733,1.9612454853953802,0.10870070922790488
2011-12-28,-0.9444433732217388,2.0396124883393014,-0.01990663139470433,0.8491078889348127
2011-12-29,-2.644634211958791,-1.9705861972950138,1.2086483501559429,-0.14170241931098618
2011-12-30,0.37399468242116335,0.7033364616128844,-0.142427371647882,0.012129623820393454
2011-12-31,0.14913585198228185,-0.14465527515202842,-0.7250713046699848,1.1569439384793503
2012-01-01,-1.4545051361149275,-0.4591831079204129,0.6155659283995091,1.3958099824385888
2012-01-02,0.9748579932918856,-0.43657667007810635,1.1180540801046521,-0.4534875235908098
2012-01-03,0.3290827681135484,-0.03905518639796179,-0.3062083030906011,0.7424670963564429
2012-01-04,0.169318997185307,0.2349076170509488,-0.015259910060874616,-0.8416498681169214
2012-01-05,1.3510797521514948,2.0358965364695054,0.20864955607666968,0.16370498968736158
2012-01-06,-1.2519729062947438,0.4667224535157088,1.8775513883737793,-1.0669160251180674
2012-01-07,-1.3238775473792275,0.7269311075405472,-1.053398706628435,-0.2028444125086438
2012-01-08,-0.5473129061394172,-0.3921672865620853,0.08832465381847293,0.7912889933779826
2012-01-09,-0.33736647435791384,0.7031673878662651,0.17663229339328065,-0.6125139218108825
2012-01-10,-0.8929911044406207,-0.7519798920893924,0.22817203058432922,-1.629799850186854
2012-01-11,0.9710332321293278,0.1288327769944036,0.5216703006151597,1.8901175381300466
2012-01-12,0.6033772969804183,-0.47699007050339026,0.0691183418245308,2.2715332396943415
2012-01-13,0.35442241814341463,1.188114983705213,0.0437065227576162,-1.1704482910636447
2012-01-14,-0.29714614938083755,0.5044637957054945,0.7738335561468364,-0.41090709011800863
2012-01-15,-1.939158439884623,-0.9516062771805232,-0.18198675775776155,0.22895205180900075
2012-01-16,-0.40725663677701424,0.8263619163509065,-0.5999062234763526,-1.5441684036176702
2012-01-17,-0.9080803032045632,0.2637770406090053,0.9899914394518226,-0.524268870813879
2012-01-18,-0.632817003228904,2.296361749166928,0.9158928653503474,-0.2813987584350262
2012-01-19,-0.4147042043482751,-0.4641293698607213,0.04152681796460437,1.0892289933681314
2012-01-20,0.34671840795748005,0.1281468865985517,-0.9905540441245311,0.1554718751228517
2012-01-21,-1.0042268975982003,1.198149146336996,-0.14012016227217466,1.555281973631745
2012-01-22,-0.08724481597206682,0.866824146131813,-1.800888222371581,0.3857675348969733
2012-01-23,-1.145971718634434,0.2318772542212878,1.6725142381063576,0.5478200343205032
2012-01-24,1.4850412634594257,2.22312235128477,1.5719076784260642,0.8773473558064151
2012-01-25,-0.5409642761202625,0.9931511272379744,0.04539281600563711,0.6907006206705535
2012-01-26,-0.6198733940893754,-1.8674706022034264,0.4352499249281261,-0.07950904500749832
2012-01-27,-0.02080804165089423,-0.5829821939329485,-0.4071494994151565,-0.51675352554192
2012-01-28,0.6813682688431416,0.8234238892044835,-0.9802866641871686,-1.1266334354987515
2012-01-29,-0.6340940019276536,-1.6250021200365878,-1.8067787097298071,1.2403542109877121
2012-01-30,-2.34629523173263,0.12335342788499,-0.7607592801235079,0.27084282993387154
2012-01-31,0.5858305442418594,-0.49227814399498526,0.39165338390128596,1.272767043196814
2012-02-01,1.9759859039151184,1.5984161156311314,0.0995909388199745,0.004750081082394478
2012-02-02,-1.2451470366233184,-1.046527164771492,-0.6315695728242486,-1.4839299621520396
2012-02-03,0.8973696120928191,-0.030791848135230424,-1.0455060564939265,0.5829266205238832
2012-02-04,-0.9615238257253942,-0.32070644705490986,-1.2490363032859797,-2.0768496611451486
2012-02-05,0.9737407000994747,-1.2409924978268203,0.19774875481253432,-1.2093467777141773
2012-02-06,1.4098448159310277,-1.8165468869360548,0.1228050162229797,-0.16107699801126754
2012-02-07,0.4847339095539031,0.2922252113969136,-1.4455950659532526,1.0815732998541305
2012-02-08,0.04510199876682232,-0.8007807173681373,-0.23516355654639995,-0.19545180469923015
2012-02-09,-0.6294586439502925,-0.6800614790806341,-0.8555443132016182,-0.5688997916194468
2012-02-10,-0.7685148439391085,0.3894354152366093,0.39573920741884827,0.7447932542666101
2012-02-11,0.7945678046809689,0.45313770087735994,1.8550113524128653,1.2735950476424445
2012-02-12,0.18302957752471458,0.5212511106697977,0.18804835537877948,-1.7404948968654994
2012-02-13,0.561864464567122,-0.05685659830688974,-0.830878753808525,-1.4574380140384424
2012-02-14,-1.365117405206834,-0.2951740548650637,1.8377377993023807,-0.5840672797098101
2012-02-15,0.01475973649606489,0.874555748250896,-1.6553215054518908,0.33916254190483475
2012-02-16,-0.5254285689845071,0.0010561215908198778,0.20631568876435502,0.8047149097523418
2012-02-17,-0.1386642160604104,-0.7945474186364818,0.3345643906042307,-0.32763160821984066
2012-02-18,1.005649674387678,-0.7199629413473128,-1.8089483182653663,0.2566628607450641
2012-02-19,0.42964635003400875,-1.0783723639873677,1.5184884871672426,-1.762462664733175
2012-02-20,-0.2140766826274528,0.662756747089194,0.34211388973387724,0.7529690166458074
2012-02-21,0.7267886856921176,0.6000384891611917,0.8313930449568363,-1.2276704993004652
2012-02-22,-0.9844437597069847,-0.39908146142547607,0.8768320982034579,-0.8520004577851686
2012-02-23,2.551705745143329,0.9925173311885027,-1.3470790508063408,-1.5179636780132026
2012-02-24,0.4203759546498516,0.3189479145258491,1.375665928104056,0.22503275346153748
2012-02-25,1.320547121350107,-1.0686216676783837,-0.03987187394355627,0.17524653201223925
2012-02-26,0.22252515701896816,1.2892116956108994,-2.2017463460503,0.07856771442878983
2012-02-27,-0.3861294518885082,1.254567487444455,1.3645090181116883,0.12380968800043907
2012-02-28,-2.158704545611382,-2.253777985697842,2.6422824107765606,2.392640966629763
2012-02-29,-0.43086028364282475,0.2829012706380254,0.5035436919161251,0.21684951599330549
2012-03-01,0.22364977284409313,0.18754544631964165,1.4375055463369033,-1.4891940687151075
2012-03-02,-1.542789490939217,-0.7135019553561109,1.0381052015677723,-0.7351970298406518
2012-03-03,0.7472359716313126,-0.3644659448733513,1.6274793783508656,-0.026113860369532015
2012-03-04,1.0003767340522198,-0.9555434770993181,0.8633198275536115,-0.39403843243546444
2012-03-05,0.947272384571475,-0.08026914716147363,0.7669840420332356,-2.01945881783961
2012-03-06,0.4214550197708937,1.641215778755998,-1.1926882456832115,-1.7350178787558925
2012-03-07,0.9217653379716345,0.8157400065797944,0.1217843136787565,-0.3665113255705504
2012-03-08,0.7160661344189511,0.1315955174157488,0.17768492288020138,0.8442067711031205
2012-03-09,-0.6516321443223998,-0.7856976820489147,0.7697497232135526,1.4717950657505718
2012-03-10,0.6077058161219528,0.4625088725165118,-1.9822090915356885,0.7233643974945692
2012-03-11,1.1055668756593673,1.503827234039353,0.00957052005275974,0.3486746801770767
2012-03-12,-0.13208968913739016,-2.0476728336740098,0.28259118460840216,0.804530966696348
2012-03-13,-1.8192014934281304,0.008307698692166719,-0.20496123176068318,-0.6130288029988549
2012-03-14,-1.0723556527922444,1.0299360561056128,0.7877227324820155,-2.134847174101308
2012-03-15,1.1008170997518336,-1.2866270702854476,0.5914475042888947,-0.3015725203152669
2012-03-16,-0.389830811666309,-0.07341973022293437,-0.057748269331144124,0.09509441572913103
2012-03-17,-0.002155361305254418,-0.18733811597215264,1.7635532407789096,-0.7727558550875107
2012-03-18,-0.4034155457631179,-2.6423392512960273,1.1742466985370372,1.1647929613797101
2012-03-19,-1.2127622991115783,-0.1403077054142767,-1.0486957005205615,-1.5606773957186881
2012-03-20,-0.28847363004830956,0.15046349498323133,2.3349688353255527,-1.5286042166962304
2012-03-21,-1.879170562748441,-0.04334473494317116,0.2810838987094933,-0.23125654458187972
2012-03-22,-0.09433322271333176,-1.227912820293266,0.8339675630305343,-0.36414381465205675
2012-03-23,1.1087073112103845,-0.12685477050119381,-0.5170172272577515,-0.16205707851605272
2012-03-24,1.9239995348385661,-0.1490161252091577,-0.64399960261697,-0.4700666402343402
2012-03-25,-0.15876014000377398,-0.6187470934036853,-0.8404726702424471,-0.16195182469004055
2012-03-26,0.6725591435139481,0.29172131668923734,-0.6561986651941938,0.35222915058119325
2012-03-27,0.6371136350836265,-0.6935983730607056,-1.459004449611451,-0.6476855718056701
2012-03-28,-2.7927562255636187,0.6362065118899475,0.030912335105038435,1.396118839439623
2012-03-29,1.1993888579538903,0.029631613104691465,-1.903523694410662,0.12768708092627892
2012-03-30,-0.5462623047876344,-0.23587279000881897,0.4072520062830695,-0.5961463024691415
2012-03-31,-0.36981443964907773,1.2677094712654993,0.1717732166235562,-0.2757945344687888
2012-04-01,-0.1434470845733859,0.07620382592598705,-0.5006027643149218,-0.4623067009172657
2012-04-02,0.5892306705110878,0.917097220052241,0.8573167932222865,-1.1637429116542946
2012-04-03,-0.9558447312228094,0.3942876622581852,-0.5297506044525787,-1.1350072778235674
2012-04-04,0.22480583055521608,-0.1169340664253229,0.23151202455635078,0.48230648079873406
2012-04-05,0.014357320675057066,-1.4323711041701224,1.144053430294713,0.577653199820268
2012-04-06,-0.7766426243339511,-1.6018696996955892,-0.010590186191208507,-0.13832825232174034
2012-04-07,0.5590791434846312,1.0648631467439764,0.2898233070785399,0.36599988464508654
2012-04-08,-0.9293046228224145,0.772020049715016,1.350180877339576,-0.4623617254893999
2012-04-09,-0.062348304110209245,1.1056629149308155,0.3655381145966749,-0.18998353089252423
2012-04-10,0.26764885138472805,-0.649922790615553,-1.6724616323097172,-0.1346672911384529
2012-04-11,1.8919580430254201,-1.5315246335494503,-1.1253116504321037,-0.25671909683704414
2012-04-12,0.44182295437964997,-0.2273745349351107,-0.2924665786496993,-1.0066140194607651
2012-04-13,-0.47837859475905187,-1.1242340911684603,-0.3611069011888506,2.1740309260594657
2012-04-14,2.135982615443833,-0.6488521260101506,0.5068370116893701,-0.8993968777829744
2012-04-15,-0.6718309218402315,2.8897602951323873,2.0898129825173033,-0.17452355859485952
2012-04-16,-0.8534412305472391,0.3970573156528766,-1.3714014142874738,-0.46075206445305084
2012-04-17,1.621188702436794,-0.7174993727669247,-0.8363355478979546,-0.3399882673557022
2012-04-18,-1.5367930334402349,0.2059285246781054,0.5408863852609591,-1.5921651415772131
2012-04-19,2.0106630664013876,-1.1707211579638594,0.4610245240843626,-0.38903293221059476
2012-04-20,-1.321011362754614,-1.0432411915516733,0.43917077049934533,1.0916296519190332
2012-04-21,-2.4552421865642162,-0.6709906397166464,-0.6868727066136081,-0.7465141485833046
2012-04-22,0.5163334982337259,0.07274671027142364,1.389723123986834,0.818653493250452
2012-04-23,0.43886314426628364,0.10002460367241976,-0.5742439386641198,0.609637907804987
2012-04-24,-0.5884188839800139,-1.3433699606355334,2.3907191641353425,1.221513146743235
2012-04-25,1.2496501199022667,1.0984084075540734,0.6994340521799145,-0.6566373794700587
2012-04-26,1.1121805407750989,0.197642758445819,0.2590131561995408,-1.1375964521928708
2012-04-27,-0.42956850293326626,1.276339103862887,0.18828780878831616,-1.2018280910685553
2012-04-28,-0.13231869027206838,-0.5182564871899527,0.3240866578638333,-0.5145198205542283
2012-04-29,-0.9982518640422188,-0.6037213601359304,0.10821427746599296,-0.5138033029542626
2012-04-30,-0.6826030126436197,0.10744208681676842,-0.48473133564262827,-1.2066648708526606
2012-05-01,0.41413634031774943,-0.4608760300833116,-0.9540933699500849,0.16927889437006297
2012-05-02,0.37268039827801563,0.6908001276284998,-0.8959879364084836,-1.6399341051034464
2012-05-03,-0.028334577759893953,-0.5849660477763113,-1.805848107749679,-0.26610642844003807
2012-05-04,0.026736990673394585,-0.38225593064986585,1.0215614013235768,0.1467151462081604
2012-05-05,1.6251448958298298,0.9187404214510435,0.22972075440096534,-0.10111813676874724
2012-05-06,0.42263706612119833,-0.4453964168640656,0.015020288691203084,1.2918320287367127
2012-05-07,0.21103758880119894,-2.0468385375708595,0.6064429850120546,1.4258374534736822
2012-05-08,-0.24566502182318156,-0.30806558126883354,0.2849962540185986,0.21142782873231095
2012-05-09,-2.3663188250386544,-0.4429450322729246,1.3203256819612286,1.00340322991731
2012-05-10,1.5804700807188585,-0.8462332569662572,-0.1073797504115467,0.06513530774621522
2012-05-11,-0.5323807394167536,-0.1724203381858927,-0.1360688333639289,-0.011900878953190133
2012-05-12,1.165847338082027,-0.5193445629509309,-0.34176001239248827,1.189328720912925
2012-05-13,-0.20525715736666633,1.1851002034054299,0.16462282485627497,-0.17365121856541452
2012-05-14,0.34360414680170687,-1.1448282774493532,0.4289414295095089,-0.31765060664771766
2012-05-15,-1.6919824147712834,-0.7537049037720531,0.5334835511204449,1.269469386704918
2012-05-16,-0.9981479096685596,-0.49578165932739593,0.7370909292366591,-0.06609178562399218
2012-05-17,-1.2606141535591175,-0.2333286238239925,-0.44778180068334644,1.1881721980051987
2012-05-18,-0.39481027150705666,-0.843359035723365,-0.5465757847736501,0.03447322879618686
2012-05-19,-0.8846255527054896,0.1133042799119462,0.9265198246248879,0.6097728643658568
2012-05-20,-0.8294666315842538,-0.8814471611694692,-0.6361185341199495,-1.3573187255549057
2012-05-21,-0.9289643389339056,1.6066064007569731,-0.07303774776020527,0.22574834246216266
2012-05-22,0.39099052167471665,-0.09047555472363672,0.12394973473153242,0.1765537763937946
2012-05-23,0.5196643617156943,-0.8135835505397367,1.832047974872809,-1.8549862461762185
2012-05-24,0.9436999150255886,0.2740937614132911,-0.23459106559500753,-1.2024637828394011
2012-05-25,-1.2591135570014507,-1.5759987937617361,0.9494813363709957,-0.13590069215896866
2012-05-26,1.23317572045091,0.3711179187271702,0.5004967867851189,-0.2843935857606327
2012-05-27,2.0414889866685435,-1.0384851854467398,1.2059569494818834,-0.3793813474160903
2012-05-28,0.5186070325765529,-0.09750446583797004,-0.17278953428123103,-0.868219633842446
2012-05-29,0.6437859909350555,-0.4001306171183889,1.3368437044104564,-0.6399504057866044
2012-05-30,-0.09876669149172983,-0.5702633427401252,0.08872970556277138,-0.2076772120924819
2012-05-31,-0.9396668772785781,0.6204975124635806,-1.221339369736535,1.5284773826924651
2012-06-01,-0.2679580885108747,-0.24259101945221906,-0.024900488319266428,-0.82241273546475
2012-06-02,0.9907118086996045,-0.5215229550063233,-0.15746794667705574,-1.212524748969941
2012-06-03,0.3058166411582881,-1.1257445388994294,0.14612745115201375,-0.5560437733385309
2012-06-04,0.41005526436881756,0.4087741241465657,-0.27119879604358293,0.6467630053166882
2012-06-05,0.47120385580427143,-0.7432067065337521,0.07144167182227494,-0.802482209568257
2012-06-06,-0.386628700214523,-2.0424649532478814,-0.270368382207432,0.12775255707220476
2012-06-07,0.11561940143943675,-0.09830706212581633,-0.6960520833240074,0.2627105540962091
2012-06-08,-1.2476375983728274,0.6172034913713291,2.0505033584259262,0.9956831578834475
2012-06-09,-0.18597176052552916,1.129289125061405,-0.14291202967064037,-0.9176941541802208
2012-06-10,0.9761792909183988,-0.8074268078927079,-0.4025538689981047,0.8070024939651456
2012-06-11,-0.434960866572084,0.22396209409641862,0.8148461688931429,-0.6671523121145143
2012-06-12,0.8744174203720928,0.03708031332078107,1.3353136134923427,0.6507135944121243
2012-06-13,0.5584361253702661,-0.6985692435266576,-0.5813933403914154,-1.8087311585925068
2012-06-14,-1.1051682439066688,1.9702433238270392,-0.9810870504714386,-1.3824660138300557
2012-06-15,-1.557193613551522,2.3890091332622347,0.7999615894827155,-1.6964535973595862
2012-06-16,-0.10618118065258825,0.23686731818243534,0.35822425875377784,-0.22564245710745354
2012-06-17,-1.541667377400452,-0.8626553964683925,0.5225670876193836,-0.18411534683991898
2012-06-18,0.9209400973853364,0.3313583792772905,-1.2207157800369928,1.2037266834394684
2012-06-19,-0.24010715268122798,0.3510264234590066,-0.8129085564119862,0.5816815324400285
2012-06-20,-0.8085655756010667,1.219322974180284,-0.6035327391641995,0.2674062578230265
2012-06-21,0.2989061950807497,2.223041615967544,-0.23886997480757324,-0.9332417061364774
2012-06-22,1.0803010524245713,-1.380705294670388,-1.3254206338831638,-1.3530217724806846
2012-06-23,-1.321369272534954,1.060031115361153,0.8562630988369161,0.8415287718776441
2012-06-24,0.2211441547566517,-0.28639139163220506,-1.3461408460992625,-0.5143851730262147
2012-06-25,-1.706432901339541,1.2496984277107641,-2.19892403048704,0.5232350683349558
2012-06-26,-0.5617534669704851,-0.1663076496352921,1.802224397940612,-0.08066218777075662
2012-06-27,0.6021731523528588,-1.7301581163841386,1.487723871192496,-0.8157261505470296
2012-06-28,-0.9310811728578609,-0.28872714110700004,-0.6898053851389848,-1.266974086480321
2012-06-29,-1.149294940499155,1.0225977763396688,1.7253861549066971,-0.6223818100837136
2012-06-30,1.9123162886259357,-1.678444203258879,-0.8750213571752999,0.6459596512821791
2012-07-01,-0.0803828515057221,-0.7448418853719938,0.5744263541453527,-1.3723698450939434
2012-07-02,-0.5019474430870785,-1.3184392853741773,-1.1178096571964882,-0.8250259067260015
2012-07-03,1.3313135494526152,1.4896554792271663,0.5202370312824527,-0.4235719325614531
2012-07-04,-0.03575109258082218,-2.0752686843501897,0.17354151108035049,-0.29614301072667776
2012-07-05,1.5147805716884168,-0.8938125046820407,-0.8613783272471305,0.9088808526596165
2012-07-06,0.2788207236793576,1.5028417956299571,-1.3993232332332561,0.8469520133984207
2012-07-07,-0.8905907786456095,1.5037044949845304,-1.7880546245605096,1.8978901068719474
2012-07-08,1.1127739543988844,0.49044678829278254,1.800068049501115,-1.0113127528825943
2012-07-09,-0.33340786294510566,-1.3905830461387965,0.3173359538802711,0.9701552549177419
2012-07-10,1.6658403274486562,-0.6491080019819322,-1.142968744386797,-0.5723538291837773
2012-07-11,-2.0539019915928765,-0.4275167843724012,-0.21903142695806804,-0.7068263522427869
2012-07-12,0.9282201591796094,1.3748362574944717,0.09538009396675556,-0.4700816563678776
2012-07-13,1.0523640038281186,-1.328430125641357,-0.28231049529777236,0.543798914012215
2012-07-14,-0.9399621495841962,-0.7946768012662628,0.1044191599616912,1.4108738378014378
2012-07-15,-0.6566063451442827,2.0455427182523147,1.4245879760189948,0.46602227647619315
2012-07-16,1.0372395002932615,1.3645902370871799,-0.2612566392043922,-0.043917314300448033
2012-07-17,1.0089213036928724,0.23645462024327313,1.8299322112638159,1.906278434525925
2012-07-18,0.9777277098156835,1.505792595617304,-1.002135978637606,-0.7374488327031952
2012-07-19,1.2564604469929854,0.055689176212327274,-0.0847143982791673,-1.1406487209972649
2012-07-20,0.8993230924079106,-0.0031464031317470767,0.7122603314253371,0.22500672791648946
2012-07-21,-1.394670696528203,0.7531754333520616,0.6999913573301108,0.9832342826108684
2012-07-22,0.6778753362121988,1.020953978515405,-0.20120163132421012,-1.0722310373444182
2012-07-23,-0.950244506652976,-0.8427068551712512,-0.006589662046929383,0.6499332657798739
2012-07-24,0.18688750158497874,0.6728739827079929,-0.8966276907274421,-1.6170210915547534
2012-07-25,-1.6270042464028842,-0.8118564823682974,-0.35145419166454117,-1.102324454260759
2012-07-26,-0.06092110060964366,0.7883827065905797,0.6572103954469922,0.836716889449599
2012-07-27,-0.050390112145472454,1.883166560195358,0.5779950341212993,0.5314884217103618
2012-07-28,0.471326008844796,-0.010417815471459979,0.1660759525175778,-0.4510119770023239
2012-07-29,-0.553283328128379,-0.021483052374798844,0.235116910274748,1.580123718335371
2012-07-30,1.009253536652863,-0.9809284790321582,-1.1494381263010731,0.36234982198507776
2012-07-31,1.1265559363474025,0.4369254436359418,-1.607090436972123,1.1041179467385047
2012-08-01,-0.3286013820966415,-0.2742653483686575,0.3089481874440769,0.2209001582566913
2012-08-02,-0.01680751866321242,0.7513476717881609,-1.3389457770154145,-0.38093976616304037
2012-08-03,-0.7530252733665602,0.015276425001912935,1.019341898713114,0.6519695633660425
2012-08-04,2.098711565107405,0.7083756346523805,0.9861506214077902,0.10762565738811246
2012-08-05,1.0984320217763348,0.16909262478168544,-0.05214762373638227,1.779945114009392
2012-08-06,-0.045436777965520314,0.677526969333744,0.004589660039382783,-0.7155894824860349
2012-08-07,1.6458905911191657,0.10080412849224171,-0.04394050963034433,-0.7048147318619172
2012-08-08,2.1635329525162943,-0.3317741133807286,0.4756676184240175,0.2281474751623485
2012-08-09,0.31297968428320166,-1.1483654106396335,-1.2477036396418157,1.2260607938933525
2012-08-10,0.9500324128497786,0.23010912884142126,-0.6870578927394914,0.11825297805838866
2012-08-11,0.703554208979155,-1.2670697161895128,0.4117588716813261,1.1427514495622204
2012-08-12,-0.9903626043440503,0.024933802955979568,-0.23707808898879412,-0.9444310843231031
2012-08-13,0.4487684927427082,-0.16609293877643963,1.1327799289822518,1.1667706736515482
2012-08-14,-1.2347619739934967,-0.9396806806231189,-1.5737025762787478,0.5428423404658096
2012-08-15,1.3377230239205813,-0.00253294993059012,-1.5089165540219585,0.39094971686106406
2012-08-16,-1.5542275387811955,0.6488086576982766,-0.6220335158582245,0.80944101914456
2012-08-17,-0.7857234759170753,-0.05183998555084793,-0.6474298985526405,0.21822355318719944
2012-08-18,-1.447920293623903,0.3890452774827206,0.2695026571199926,-1.024092011703503
2012-08-19,0.8312485765907406,0.03462653958834518,-1.7559469141394926,2.1216306431619962
2012-08-20,-0.016075644239242435,-0.7874147424048191,-0.2409704234813131,-0.7915110265945676
2012-08-21,-0.19009370749213644,-0.9911116438395965,1.1578428469987372,-0.14998065257367957
2012-08-22,-1.238284903301144,0.37156871571729644,-0.02270734124128053,0.5337009293145034
2012-08-23,-0.573700423080597,1.7821183634106912,0.17546425836824445,2.1719637427801044
2012-08-24,-0.6857682100997167,-0.33519021262452997,0.62669794523018,-0.35656045912846673
2012-08-25,-0.4842658646794888,-0.15227999290140604,0.2473943426611426,2.2378478525345993
2012-08-26,2.207074388474928,0.029025253106654672,-1.1515041893225157,-0.057496248893154335
2012-08-27,1.5045937214063811,-2.0731660403399297,-1.7302676490064608,0.4282359966450441
2012-08-28,-0.7060883930651579,-0.12740451818296392,-2.945603106058207,-1.2555441506876421
2012-08-29,0.8225670357467847,0.0647125181109699,-0.3016010372788648,0.4701352432445681
2012-08-30,1.1399829486387325,0.7689209438457877,-0.5231871765275904,-0.3218270953561927
2012-08-31,-0.5178564150249002,0.06401215001702308,-0.4414238406784683,1.4213174769383181
2012-09-01,0.1255679873133497,0.499998695156212,-2.096909135474386,-0.6851658172298444
2012-09-02,1.368213104407682,1.1891778646750788,-1.7649059288143856,-1.0518233686751353
2012-09-03,0.7299124416625495,0.2631442778131053,1.0573266027211514,0.6047576173749026
2012-09-04,1.0006949599267296,0.0869681668862284,-1.623244761306685,-2.2654560233906285
2012-09-05,-0.4693301334315031,0.6915448153750251,-1.4875965653262533,0.3268126843564162
2012-09-06,0.9121969063178386,1.2011272613029547,0.5522338652298849,1.5910749368528767
2012-09-07,-0.2160156432311701,0.4829056318151456,-1.522619185697525,0.33317703726733044
2012-09-08,-1.5063627025083304,1.2465548829381323,-0.657004327528557,-0.9021382165414964
2012-09-09,0.9624146828029883,0.3482975498575094,-0.4054069696211909,0.8805389096746453
2012-09-10,1.1886870366959161,-1.6033007512937665,-0.6076991958216024,1.9710047084747493
2012-09-11,-0.3687758864218674,1.2269264516510114,1.7850229136986437,-0.5252938241420723
2012-09-12,-0.15110432791233558,0.07985643257763665,-0.5197334226355036,-1.1911999492139926
2012-09-13,1.0903051092496272,1.3781834783996174,0.6018788834074039,0.5977152939078199
2012-09-14,1.4779441257915358,-1.6601647181245576,0.23622146707665775,-0.7104558084678
2012-09-15,-0.8269283513356196,0.8191411084723803,0.644232502933403,-0.6194652971616057
2012-09-16,-0.12911080728387528,-2.0473428407010243,1.0591216063958417,-0.6808830041390108
2012-09-17,1.431421574577686,0.7110561283443247,0.31503206991337185,-0.26937720541502846
2012-09-18,0.2895695865093446,0.6311656343658029,0.5356908253886178,-0.018631806451739598
2012-09-19,0.05550208517389903,-1.2813379734433106,0.5962359144418065,1.4710665888836132
2012-09-20,-0.35485099510681306,-0.7364982039592665,-0.8895590857138125,-0.14814604732089123
2012-09-21,0.739834311034394,1.875922820891261,0.7594709225889231,-0.4058785884410667
2012-09-22,0.07944966393465942,0.019051187427003336,-3.2572612292175696,2.5459449865567314
2012-09-23,0.6186655908607104,0.9432241708602837,-1.2044814303931783,-0.632144317617831
2012-09-24,0.23211980293805912,0.15958804694999562,0.38094119598159504,-1.2835515748253674
2012-09-25,0.053147566882474524,-0.9217919339752283,-0.631406800599564,-0.03504970771951217
2012-09-26,-0.5758600971835093,1.9697054114797634,-1.364942959050001,-0.433967919834287
